Title,Rating,Director,Star1,Star2,Star3,Star4,Genre1,Genre2,Genre3
Saanjh,8.8,Ajay Saklani,Asif Basra,Tanu Bhardwaj,Aditi Charak,Hoshiyar Singh Gautam,Drama            ,,
Section 375,8.5,Ajay Bahl,Akshaye Khanna,Richa Chadha,Meera Chopra,Rahul Bhat,Crime,Drama            ,
Chhichhore,8.5,Nitesh Tiwari,Sushant Singh Rajput,Shraddha Kapoor,Varun Sharma,Prateik,Comedy,Drama            ,
Uri: The Surgical Strike,8.4,Aditya Dhar,Vicky Kaushal,Paresh Rawal,Mohit Raina,Yami Gautam,Action,Drama,War            
Taare Zameen Par,8.4,Aamir Khan,Amole Gupte,Darsheel Safary,Aamir Khan,Tisca Chopra,Drama,Family            ,
3 Idiots,8.4,Rajkumar Hirani,Aamir Khan,Madhavan,Mona Singh,Sharman Joshi,Comedy,Drama            ,
Raag Desh,8.3,Tigmanshu Dhulia,Kunal Kapoor,Amit Sadh,Mohit Marwah,Kenneth Desai,Action,Drama,History            
Shahid,8.3,Hansal Mehta,Rajkummar Rao,Mohammed Zeeshan Ayyub,Baljinder Kaur,Tigmanshu Dhulia,Biography,Crime,Drama            
Bangalore Days,8.3,Anjali Menon,Nazriya Nazim,Nivin Pauly,Dulquer Salmaan,Fahadh Faasil,Comedy,Drama,Romance            
Sairat,8.3,Nagraj Manjule,Rinku Rajguru,Akash Thosar,Arbaz Shaikh,Tanaji Galgunde,Drama,Romance            ,
Premam,8.3,Alphonse Puthren,Nivin Pauly,Sai Pallavi,Madonna Sebastian,S.V. Krishna Shankar,Comedy,Drama,Romance            
Chhello Divas,8.2,Krishnadev Yagnik,Yash Soni,Malhar Thakar,Janki Bodiwala,Mitra Gadhvi,Comedy            ,,
Chak De! India,8.2,Shimit Amin,Shah Rukh Khan,Vidya Malvade,Sagarika Ghatge,Shilpa Shukla,Drama,Family,Sport            
Queen,8.2,Vikas Bahl,Kangana Ranaut,Rajkummar Rao,Lisa Haydon,Jeffrey Ho,Comedy,Drama            ,
Sholay,8.2,Ramesh Sippy,Sanjeev Kumar,Dharmendra,Amitabh Bachchan,Amjad Khan,Action,Adventure,Comedy            
Vishwaroopam,8.2,Kamal Haasan,Pooja Kumar,Miles Anderson,Kamal Haasan,Rahul Bose,Action,Thriller            ,
Super 30,8.2,Vikas Bahl,Hrithik Roshan,Mrunal Thakur,Nandish Singh,Virendra Saxena,Biography,Drama            ,
PK,8.2,Rajkumar Hirani,Aamir Khan,Anushka Sharma,Sanjay Dutt,Boman Irani,Comedy,Drama,Fantasy            
Arjun Reddy,8.2,Sandeep Reddy Vanga,Vijay Deverakonda,Shalini Pandey,Jia Sharma,Kanchana,Action,Drama,Romance            
Mukkabaaz,8.1,Anurag Kashyap,Vineet Kumar Singh,Jimmy Sheirgill,Zoya Hussain,Ravi Kishan,Action,Drama,Sport            
"Love, Lies and Seeta",8.1,Chandra Pemmaraju,Melanie Chandra,Arjun Gupta,Lavrenti Lopes,Michael Derek,Comedy,Drama,Romance            
Haider,8.1,Vishal Bhardwaj,Shahid Kapoor,Tabu,Shraddha Kapoor,Kay Kay Menon,Action,Crime,Drama            
A Wednesday,8.1,Neeraj Pandey,Anupam Kher,Naseeruddin Shah,Jimmy Sheirgill,Deepal Shaw,Crime,Drama,Mystery            
Ugly,8.1,Anurag Kashyap,Rahul Bhat,Ronit Roy,Tejaswini Kolhapure,Vineet Kumar Singh,Crime,Drama,Mystery            
Gulaal,8.1,Anurag Kashyap,Kay Kay Menon,Raj Singh Chaudhary,Jesse Randhawa,Deepak Dobriyal,Crime,Drama,Thriller            
Odyssey of Persistence,8.0,Nikunj Pathak,Nisha Khatri,Nikunj Pathak,Manthan Shah,Ronak Sheth,Short,Biography            ,
Laal Rang,8.0,Syed Ahmad Afzal,Randeep Hooda,Akshay Oberoi,Rajniesh Duggall,Piaa Bajpai,Action,Crime,Drama            
Ankhon Dekhi,8.0,Rajat Kapoor,Sanjay Mishra,Seema Bhargava,Rajat Kapoor,Taranjit Kaur,Comedy,Drama            ,
Dev.D,8.0,Anurag Kashyap,Abhay Deol,Mahie Gill,Kalki Koechlin,Dibyendu Bhattacharya,Comedy,Drama,Romance            
The Tashkent Files,8.0,Vivek Agnihotri,Naseeruddin Shah,Mithun Chakraborty,Shweta Basu Prasad,Pankaj Tripathi,Drama,Mystery,Thriller            
Lakshmi,8.0,Nagesh Kukunoor,Monali Thakur,Vibha Chhibber,Ranjeet Jha,Ram Kapoor,Drama            ,,
Badhaai Ho,8.0,Amit Ravindernath Sharma,Ayushmann Khurrana,Sanya Malhotra,Neena Gupta,Gajraj Rao,Comedy,Drama            ,
I Am Kalam,8.0,Nila Madhab Panda,Gulshan Grover,Harsh Mayar,Pitobash,Hussan Saad,Comedy,Drama            ,
Dhanak,8.0,Nagesh Kukunoor,Krrish Chhabria,Hetal Gada,Vipin Sharma,Gulfam Khan,Drama            ,,
Aadukalam,8.0,Vetrimaaran,Dhanush,Taapsee Pannu,Jayabalan,Kishore Kumar G.,Action,Drama,Sport            
Jab We Met,7.9,Imtiaz Ali,Shahid Kapoor,Kareena Kapoor,Tarun Arora,Dara Singh,Comedy,Drama,Romance            
Life of Pi,7.9,Ang Lee,Suraj Sharma,Irrfan Khan,Adil Hussain,Tabu,Adventure,Drama,Fantasy            
Secret Superstar,7.9,Advait Chandan,Zaira Wasim,Meher Vij,Raj Arjun,Aamir Khan,Drama,Music            ,
I Love New York,7.9,Christian Vogeler,Nicola Peluso,Ewan Turner,Julie T. Pham,Mark Scherman,Short,Comedy            ,
Thanks Maa,7.9,Irfan Kamal,Master Shams,Master Salman,Master Jaffer,Master Fayaaz,Crime,Drama            ,
Hindi Medium,7.8,Saket Chaudhary,Irrfan Khan,Saba Qamar,Dishita Sehgal,Deepak Dobriyal,Comedy,Drama            ,
Aligarh,7.8,Hansal Mehta,Sukhesh Arora,Manoj Bajpayee,Balaji Gauri,Sumit Gulati,Biography,Drama            ,
Poorna,7.8,Rahul Bose,Prashant Pandey,Azam,Sekhar Babu Bachinepally,Veera Badaram,Adventure,Biography,Drama            
Stanley Ka Dabba,7.8,Amole Gupte,Partho A. Gupte,Numaan Sheikh,Abhishek Reddy,Sai Shara Shetty,Comedy,Drama,Family            
Rock On!!,7.8,Abhishek Kapoor,Arjun Rampal,Farhan Akhtar,Luke Kenny,Purab Kohli,Drama,Music            ,
Ko,7.8,K.V. Anand,Jiiva,Ajmal Ameer,Karthika Nair,Piaa Bajpai,Action,Thriller            ,
Dasvidaniya,7.8,Shashant Shah,Vinay Pathak,Sarita Joshi,Rajat Kapoor,Saurabh Shukla,Comedy,Drama            ,
Eega,7.8,S.S. Rajamouli,J.V.V. Sathyanarayana,Sudeep,Nani,Samantha Ruth Prabhu,Action,Comedy,Fantasy            
Johnny Gaddaar,7.8,Sriram Raghavan,Dharmendra,Rimi Sen,Ashwini Kalsekar,Neil Nitin Mukesh,Crime,Drama,Mystery            
Y.M.I. Yeh Mera India,7.8,N. Chandra,Anupam Kher,Atul Kulkarni,Milind Gunaji,Aakash Pandey,Crime,Drama,Thriller            
Bioscopewala,7.7,Deb Medhekar,Danny Denzongpa,Geetanjali Thapa,Adil Hussain,Tisca Chopra,Drama            ,,
Court,7.7,Chaitanya Tamhane,Vira Sathidar,Vivek Gomber,Geetanjali Kulkarni,Pradeep Joshi,Drama            ,,
Manorama Six Feet Under,7.7,Navdeep Singh,Abhay Deol,Gul Panag,Raima Sen,Sarika,Crime,Drama,Mystery            
Oye Lucky! Lucky Oye!,7.7,Dibakar Banerjee,Abhay Deol,Paresh Rawal,Neetu Chandra,Archana Puran Singh,Comedy,Crime,Drama            
Laila Majnu,7.7,Sajid Ali,Avinash Tiwary,Tripti Dimri,Sumit Kaul,Abrar Qazi,Drama,Romance            ,
Rockstar,7.7,Imtiaz Ali,Ranbir Kapoor,Nargis Fakhri,Shammi Kapoor,Kumud Mishra,Drama,Music,Musical            
Stree,7.7,Amar Kaushik,Rajkummar Rao,Shraddha Kapoor,Pankaj Tripathi,Aparshakti Khurana,Comedy,Horror            ,
Guru,7.7,Mani Ratnam,Mithun Chakraborty,Abhishek Bachchan,Aishwarya Rai Bachchan,Madhavan,Biography,Drama            ,
Aamir,7.7,Raj Kumar Gupta,Rajeev Khandelwal,Aishwarya,Vasan Bala,Chinkal,Crime,Drama,Thriller            
Kapoor & Sons,7.7,Shakun Batra,Sidharth Malhotra,Fawad Khan,Alia Bhatt,Rajat Kapoor,Comedy,Drama,Romance            
Mumbai Meri Jaan,7.7,Nishikant Kamat,Paresh Rawal,Kay Kay Menon,Irrfan Khan,Madhavan,Drama            ,,
Newton,7.7,Amit Masurkar,Rajkummar Rao,Pankaj Tripathi,Anjali Patil,Raghuvir Yadav,Drama            ,,
Rahasya,7.6,Manish Gupta,Kay Kay Menon,Ashish Vidyarthi,Tisca Chopra,Mita Vasisht,Mystery,Thriller            ,
Do Dooni Chaar,7.6,Habib Faisal,Rishi Kapoor,Neetu Singh,Aditi Vasudev,Archit Krishna,Comedy,Drama            ,
Wake Up Sid,7.6,Ayan Mukherjee,Ranbir Kapoor,Konkona Sen Sharma,Supriya Pathak,Anupam Kher,Comedy,Drama,Romance            
Raanjhanaa,7.6,Aanand L. Rai,Dhanush,Sonam Kapoor,Mohammed Zeeshan Ayyub,Swara Bhaskar,Drama,Romance            ,
Bhavesh Joshi Superhero,7.6,Vikramaditya Motwane,Harshvardhan Kapoor,Priyanshu Painyuli,Ashish Verma,Shreiyah Sabharwal,Action,Drama            ,
Bheja Fry,7.6,Sagar Ballary,Vinay Pathak,Rajat Kapoor,Sarika,Milind Soman,Comedy,Drama            ,
Union Leader,7.6,Sanjay Patel,Rahul Bhat,Tillotama Shome,Zala Akash,Prashant Barot,Drama            ,,
Kai po che!,7.6,Abhishek Kapoor,Amit Sadh,Sushant Singh Rajput,Rajkummar Rao,Amrita Puri,Drama,Sport            ,
Noukadubi,7.6,Rituparno Ghosh,Jishu Sengupta,Riya Sen,Raima Sen,Prasenjit Chatterjee,Drama,Romance            ,
Jodhaa Akbar,7.6,Ashutosh Gowariker,Hrithik Roshan,Aishwarya Rai Bachchan,Sonu Sood,Poonam Sinha,Action,Drama,History            
The Japanese Wife,7.6,Aparna Sen,Rahul Bose,Chigusa Takaku,Raima Sen,Moushumi Chatterjee,Drama,Romance            ,
Road to Sangam,7.5,Amit Rai,Paresh Rawal,Om Puri,Pavan Malhotra,Javed Sheikh,Drama,Thriller            ,
October,7.5,Shoojit Sircar,Varun Dhawan,Banita Sandhu,Gitanjali Rao,Sahil Vedoliyaa,Drama,Romance            ,
A Death in the Gunj,7.5,Konkona Sen Sharma,Kalki Koechlin,Vikrant Massey,Gulshan Devaiah,Ranvir Shorey,Drama,Thriller            ,
Jaane Tu... Ya Jaane Na,7.5,Abbas Tyrewala,Imran Khan,Genelia D'Souza,Manjari Fadnnis,Ayaz Khan,Comedy,Drama,Romance            
Lupt,7.5,Prabhuraj,Javed Jaffrey,Niki Walia,Karan Aanand,Vijay Raaz,Horror,Thriller            ,
Madaari,7.5,Nishikant Kamat,Irrfan Khan,Jimmy Sheirgill,Vishesh Bansal,Tushar Dalvi,Adventure,Drama,Thriller            
Rocket Singh: Salesman of the Year,7.5,Shimit Amin,Ranbir Kapoor,Prem Chopra,Mukesh Bhatt,D. Santosh,Comedy,Drama            ,
Yeh Saali Zindagi,7.5,Sudhir Mishra,Irrfan Khan,Chitrangda Singh,Arunoday Singh,Aditi Rao Hydari,Crime,Drama,Thriller            
Gulabi Gang,7.5,Nishtha Jain,Sampat Pal Devi,Ram Dulari,Devrati,Babu,Documentary            ,,
Kuchh Bheege Alfaaz,7.5,Onir,Geetanjali Thapa,Zain Khan Durrani,Shray Rai Tiwari,Mona Ambegaonkar,Romance            ,,
Dream Girl,7.5,Raaj Shaandilyaa,Ayushmann Khurrana,Nushrat Bharucha,Annu Kapoor,Raj Bhansali,Comedy,Romance            ,
Dum Laga Ke Haisha,7.5,Sharat Katariya,Ayushmann Khurrana,Bhumi Pednekar,Sanjay Mishra,Seema Bhargava,Comedy,Drama,Romance            
Station,7.5,Saad Khan,Kanika Batra,Gulshan Grover,Rohiet Nair,Sameer Kevin Roy,Crime,Drama,Thriller            
Chalo Jeete Hain,7.5,Mangesh Hadawale,Rajeev Saxena,Lata S. Singh,,,Short,Biography            ,
Gour Hari Dastaan: The Freedom File,7.5,Ananth Narayan Mahadevan,Vinay Pathak,Konkona Sen Sharma,Ranvir Shorey,Tannishtha Chatterjee,Biography,Drama            ,
Sonchiriya,7.5,Abhishek Chaubey,Sushant Singh Rajput,Bhumi Pednekar,Manoj Bajpayee,Ranvir Shorey,Action,Crime,Drama            
The Stoneman Murders,7.4,Manish Gupta,Kay Kay Menon,Arbaaz Khan,Rukhsar Rehman,Virendra Saxena,Crime,Drama,Mystery            
Life in a Metro,7.4,Anurag Basu,Dharmendra,Irrfan Khan,Konkona Sen Sharma,Kay Kay Menon,Comedy,Drama,Romance            
Batla House,7.4,Nikkhil Advani,Nora Fatehi,Mrunal Thakur,John Abraham,Anil George,Action,Drama,Thriller            
Kaminey,7.4,Vishal Bhardwaj,Shahid Kapoor,Priyanka Chopra,Deb Mukherjee,Shivkumar Subramaniam,Action,Crime,Drama            
Days of Tafree,7.4,Krishnadev Yagnik,Yash Soni,Ansh Bagri,Sarabjeet Bindra,Sanchay Goswami,Comedy            ,,
Mard Ko Dard Nahin Hota,7.4,Vasan Bala,Abhimanyu Dasani,Radhika Madan,Prateek Parmar,Satyajit Ganu,Action,Comedy            ,
Hawaa Hawaai,7.4,Amole Gupte,Makrand Deshpande,Partho A. Gupte,Devraya Gole,Neha Joshi,Drama,Family,Sport            
Soorma,7.4,Shaad Ali,Diljit Dosanjh,Taapsee Pannu,Angad Bedi,Vijay Raaz,Biography,Drama,Sport            
Ranchi Diaries,7.4,Sattwik Mohanty,Soundarya Sharma,Pradeep Singh,Anupam Kher,Jimmy Sheirgill,Thriller            ,,
Kesari,7.4,Anurag Singh,Akshay Kumar,Parineeti Chopra,Suvinder Vicky,Vansh Bhardwaj,Action,Drama,History            
Peepli (Live),7.4,Anusha Rizvi,Mahmood Farooqui,Omkar Das Manikpuri,Raghuvir Yadav,Shalini Vatsa,Comedy,Drama            ,
Love Sonia,7.4,Tabrez Noorani,Abhishek Bharate,Riya Sisodiya,Mrunal Thakur,Adil Hussain,Drama            ,,
Billu Ustaad,7.4,Suvahhdan Angre,Sneha Arun,Priyanshu Chatterjee,K.K. Goswami,Ankeet Jadhav,Drama            ,,
Firaaq,7.4,Nandita Das,Inaamulhaq,Nassar,Shahana Goswami,Nawazuddin Siddiqui,Drama,History            ,
Once Upon a Time in Mumbaai,7.4,Milan Luthria,Ajay Devgn,Emraan Hashmi,Kangana Ranaut,Prachi Desai,Action,Crime,Drama            
Well Done Abba!,7.3,Shyam Benegal,Boman Irani,Minissha Lamba,Sammir Dattani,Ila Arun,Comedy            ,,
Bhanwarey,7.3,Shaurya Singh,Shaurya Singh,Karhan Dev,Jashan Singh Kohli,Priyanka Shukla,Comedy            ,,
Malik Ek,7.3,Deepak Balraj Vij,Akanksha,Rana Jung Bahadur,Sudesh Berry,Ramesh Bhatkar,Biography,Drama,History            
Te3n,7.3,Ribhu Dasgupta,Amitabh Bachchan,Nawazuddin Siddiqui,Vidya Balan,Mukesh Chhabra,Drama,Mystery,Thriller            
"Gandhi, My Father",7.3,Feroz Abbas Khan,Akshaye Khanna,Darshan Jariwala,Shefali Shah,Bhoomika Chawla,Biography,Drama,History            
Ek Chalis Ki Last Local,7.3,Sanjay M. Khanduri,Abhay Deol,Neha Dhupia,Amit Mistry,Nawazuddin Siddiqui,Adventure,Comedy,Crime            
Ghajini,7.3,A.R. Murugadoss,Aamir Khan,Asin,Jiah Khan,Tinnu Anand,Action,Drama,Mystery            
Mardaani,7.3,Pradeep Sarkar,Rani Mukerji,Tahir Raj Bhasin,Priyanka Sharma,Mona Ambegaonkar,Action,Crime,Drama            
99,7.3,Krishna D.K.,Raj Nidimoru,Kunal Khemu,Boman Irani,Soha Ali Khan,Comedy,Crime,Drama            
Main Hoon Rajinikanth,7.3,Faisal Saif,Smitha Gondkar,Shakti Kapoor,Sameer Khan,Reema Lagoo,Comedy            ,,
Shaurya: It Takes Courage to Make Right... Right,7.3,Samar Khan,Rahul Bose,Javed Jaffrey,Minissha Lamba,Seema Biswas,Crime,Drama,Thriller            
Manjunath,7.3,Sandeep A. Varma,Anjori Alagh,Karan Ashar,Aarun D. Baliean,Asif Basra,Biography,Drama            ,
Monsoon Wedding,7.3,Mira Nair,Naseeruddin Shah,Lillete Dubey,Shefali Shah,Vijay Raaz,Comedy,Drama,Romance            
Tere Bin Laden,7.2,Abhishek Sharma,Ali Zafar,Pradhuman Singh,Piyush Mishra,Nikhil Ratnaparkhi,Comedy,Drama            ,
Game Over,7.2,Ashwin Saravanan,Taapsee Pannu,Vinodhini Vaidynathan,Parvathi T.,Ramya Subramanian,Drama,Thriller            ,
Meeruthiya Gangsters,7.2,Zeishan Quadri,Jaideep Ahlawat,Aakash Dahiya,Jatin Sarna,Shadab Kamal,Crime            ,,
Paa,7.2,R. Balki,Amitabh Bachchan,Abhishek Bachchan,Vidya Balan,Paresh Rawal,Comedy,Drama            ,
Dhamaal,7.2,Indra Kumar,Sanjay Dutt,Riteish Deshmukh,Arshad Warsi,Javed Jaffrey,Action,Adventure,Comedy            
Shaitan,7.2,Bejoy Nambiar,Kalki Koechlin,Shiv Panditt,Gulshan Devaiah,Rajeev Khandelwal,Action,Crime,Drama            
Pataakha,7.2,Vishal Bhardwaj,Sanya Malhotra,Radhika Madan,Sunil Grover,Vijay Raaz,Action,Comedy,Drama            
13B: Fear Has a New Address,7.2,Vikram K. Kumar,Madhavan,Neetu Chandra,Poonam Dhillon,Saranya Ponvannan,Drama,Horror,Mystery            
Halkaa,7.2,Nila Madhab Panda,Paoli Dam,Vipin Katyal,Ranvir Shorey,Tathastu,Drama,Family            ,
404: Error Not Found,7.2,Prawaal Raman,Sara Arjun,Rajvvir Aroraa,Aditya Banerjee,Mukesh Bhatt,Drama,Mystery,Thriller            
Memories in March,7.2,Sanjoy Nag,Deepti Naval,Raima Sen,Rituparno Ghosh,Rajat Ganguly,Drama            ,,
Om Dar-B-Dar,7.2,Kamal Swaroop,Gopi Desai,Manish Gupta,Anita Kanwar,Aditya Lakhia,Drama            ,,
Holiday,7.2,A.R. Murugadoss,Akshay Kumar,Sonakshi Sinha,Freddy Daruwala,Sumeet Raghvan,Action,Thriller            ,
No Smoking,7.2,Anurag Kashyap,John Abraham,Ayesha Takia,Paresh Rawal,Ranvir Shorey,Drama,Mystery,Thriller            
No One Killed Jessica,7.2,Raj Kumar Gupta,Rani Mukerji,Vidya Balan,Myra Karn,Neil Bhoopalam,Biography,Crime,Drama            
Love Per Square Foot,7.2,Anand Tiwari,Vicky Kaushal,Angira Dhar,Alankrita Sahai,Raghuvir Yadav,Comedy,Romance            ,
Bhool Bhulaiyaa,7.2,Priyadarshan,Akshay Kumar,Vidya Balan,Shiney Ahuja,Ameesha Patel,Comedy,Horror,Mystery            
Bhopal: A Prayer for Rain,7.2,Ravi Kumar,Mischa Barton,Martin Sheen,Kal Penn,Lisa Dwan,Drama            ,,
Akkad Bakkad Bam Be Bo,7.2,Dweep Raj Kochhar,Ramesh Pandey,Nimay Bali,Rakesh Bedi,Lakshman Chaturvedi,Action            ,,
Don 2,7.1,Farhan Akhtar,Shah Rukh Khan,Florian Lukas,Om Puri,Priyanka Chopra,Action,Crime,Thriller            
3 Storeys,7.1,Arjun Mukerjee,Aisha Ahmed,Tarun Anand,Richa Chadha,Gopal Das,Drama            ,,
Sulemani Keeda,7.1,Amit Masurkar,Naveen Kasturia,Mayank Tewari,Aditi Vasudev,Karan Mirchandani,Comedy,Romance            ,
Sonu Ke Titu Ki Sweety,7.1,Luv Ranjan,Kartik Aaryan,Nushrat Bharucha,Sunny Singh Nijjar,Alok Nath,Comedy,Romance            ,
Rang Rasiya,7.1,Ketan Mehta,Randeep Hooda,Nandana Sen,Paresh Rawal,Ashish Vidyarthi,Biography,Drama,Romance            
Maharathi,7.1,Shivam Nair,Naseeruddin Shah,Om Puri,Boman Irani,Paresh Rawal,Crime,Drama,Mystery            
X,7.1,Jesper Skouboelling,Dennis Bjerking,Alexandria Eissinger,Kirstine Natalie Friis,Jesper Livid Helles,Short,Drama            ,
Soundtrack,7.1,Neerav Ghosh,Rajeev Khandelwal,Soha Ali Khan,Mrinalini Sharma,Mohan Kapoor,Drama,Musical            ,
Khichdi: The Movie,7.1,Aatish Kapadia,Supriya Pathak,Anang Desai,Rajeev Mehta,Nimisha Vakharia,Comedy,Family            ,
Shootout at Lokhandwala,7.1,Apoorva Lakhia,Amitabh Bachchan,Sanjay Dutt,Sunil Shetty,Arbaaz Khan,Action,Crime            ,
Table No.21,7.1,Aditya Datt,Paresh Rawal,Rajeev Khandelwal,Tina Desai,Dhruv Ganesh,Adventure,Thriller            ,
Chhodo Kal Ki Baatein,7.1,Pramod Joshi,Barkha Bisht,Balaji Iyer,Raghavendra Kadkol,Sachin Khedekar,Drama            ,,
Dil Toh Deewana Hai,7.1,Raja Bundela,Zeenat Aman,Raj Babbar,Meenu Bhardwaj,Raja Bundela,Drama,Romance            ,
Saare Jahaan Se Mehnga...,7.1,Anshul Sharma,Vishwa Mohan Badola,Ranjan Chhabra,Zakir Hussain,Sanjay Mishra,Comedy,Drama            ,
Rab Ne Bana Di Jodi,7.1,Aditya Chopra,Shah Rukh Khan,Anushka Sharma,Vinay Pathak,M.K. Raina,Comedy,Drama,Music            
Once Upon a Time in Bihar,7.1,Nitin Chandra,Kranti Prakash Jha,Pankaj Jha,Ajay Kumar,Aarti Puri,Thriller            ,,
Namastey London,7.1,Vipul Amrutlal Shah,Akshay Kumar,Katrina Kaif,Rishi Kapoor,Clive Standen,Comedy,Drama,Romance            
Enthiran,7.1,S. Shankar,Rajinikanth,Aishwarya Rai Bachchan,Danny Denzongpa,Santhanam,Action,Sci-Fi            ,
Luck by Chance,7.0,Zoya Akhtar,Farhan Akhtar,Konkona Sen Sharma,Rishi Kapoor,Dimple Kapadia,Drama            ,,
Striker,7.0,Chandan Arora,Siddharth,Ankur Vikal,Anupam Kher,Vidya Malvade,Action,Crime,Drama            
Pareshaan Parinda,7.0,Devesh Pratap Singh,Meeraj Shah,Sakshi Singh,Avtar Singh Bhullar,Sadia Nabila,Action,Romance            ,
Qarib Qarib Singlle,7.0,Tanuja Chandra,Irrfan Khan,Parvathy Thiruvothu,Bajrangbali Singh,Anud Singh Dhaka,Comedy,Romance            ,
Dil Dosti Etc,7.0,Manish Tiwary,Imaaduddin Shah,Shreyas Talpade,Smriti Mishra,Nikita Anand,Comedy,Crime,Drama            
Baa Baaa Black Sheep,7.0,Vishwas Paandya,Anupam Kher,Annu Kapoor,Manish Paul,Kay Kay Menon,Action,Comedy,Crime            
Chauhar,7.0,Raghubeer Singh,Richa Dixit,Vivek Jha,Amar Jyoti,Amit Kashyap,Drama            ,,
Aakrosh,7.0,Priyadarshan,Ajay Devgn,Akshaye Khanna,Bipasha Basu,Paresh Rawal,Action,Crime,Thriller            
Tumhari Sulu,7.0,Suresh Triveni,Vidya Balan,Manav Kaul,Neha Dhupia,Vijay Maurya,Comedy,Drama            ,
The Hangman,7.0,Vishal Bhandari,Om Puri,Gulshan Grover,Tom Alter,Smita Jaykar,Crime,Drama,Thriller            
Beyond the Clouds,7.0,Majid Majidi,Ishaan Khattar,Malavika Mohanan,Goutam Ghose,Sharada,Drama,Family            ,
Shubh Mangal Saavdhan,6.9,R.S. Prasanna,Ayushmann Khurrana,Bhumi Pednekar,Seema Bhargava,Anshul Chauhan,Comedy,Romance            ,
Luckhnowi Ishq,6.9,Aanand Raut,Adhyayan Suman,Karishma Kotak,Mukesh Khanna,Hemant Pandey,Drama            ,,
Mukhbiir,6.9,Mani Shankar,Sammir Dattani,Rahul Dev,Om Puri,Alok Nath,Crime,Drama,Mystery            
Welcome to Sajjanpur,6.9,Shyam Benegal,Shreyas Talpade,Amrita Rao,Ravi Kishan,Ila Arun,Comedy,Drama            ,
Phir Kabhi,6.9,V.K. Prakash,Mithun Chakraborty,Dimple Kapadia,Kaivalya Chheda,Gulshan Grover,Drama,Romance            ,
I Am,6.9,Onir,Juhi Chawla,Rahul Bose,Radhika Apte,Nandita Das,Drama            ,,
Photograph,6.9,Ritesh Batra,Nawazuddin Siddiqui,Sanya Malhotra,Sachin Khedekar,Denzil Smith,Drama,Romance            ,
Fashion,6.9,Madhur Bhandarkar,Priyanka Chopra,Kangana Ranaut,Mugdha Godse,Arbaaz Khan,Drama            ,,
Yeh Khula Aasmaan,6.9,Gitanjali Sinha,Anya Anand,Manjusha Godse,Nitin Kerur,Kishor Nadalskar,Family            ,,
2 States,6.9,Abhishek Varman,Arjun Kapoor,Alia Bhatt,Amrita Singh,Revathy,Comedy,Drama,Romance            
Manmarziyaan,6.9,Anurag Kashyap,Taapsee Pannu,Abhishek Bachchan,Vicky Kaushal,Jasmin Bajwa,Romance            ,,
Babumoshai Bandookbaaz,6.9,Kushan Nandy,Nawazuddin Siddiqui,Bidita Bag,Jatin Goswami,Shradha Das,Action,Crime,Thriller            
Mohalla Assi,6.9,Chandra Prakash Dwivedi,Sunny Deol,Sakshi Tanwar,Ravi Kishan,Saurabh Shukla,Comedy,Drama            ,
Jannat: In Search of Heaven...,6.9,Kunal Deshmukh,Emraan Hashmi,Sonal Chauhan,Armen Grayg,Shakeel Khan,Crime,Drama,Romance            
War,6.9,Siddharth Anand,Hrithik Roshan,Tiger Shroff,Vaani Kapoor,Ashutosh Rana,Action,Thriller            ,
Fukrey,6.9,Mrighdeep Lamba,Pulkit Samrat,Manjot Singh,Ali Fazal,Varun Sharma,Comedy,Drama,Romance            
MSG the Warrior: Lion Heart,6.9,Gurmeet Ram Rahim Singh,Ashok Insan,Bhushan Insan,Charanpreet Insan,Garima Insan,Adventure,Fantasy,Sci-Fi            
Saheb Biwi Aur Gangster Returns,6.8,Tigmanshu Dhulia,Jimmy Sheirgill,Mahie Gill,Irrfan Khan,Soha Ali Khan,Action,Crime,Drama            
"Road, Movie",6.8,Dev Benegal,Abhay Deol,Satish Kaushik,Tannishtha Chatterjee,Mohammed Faizal,Adventure,Comedy,Crime            
Love Aaj Kal,6.8,Imtiaz Ali,Saif Ali Khan,Deepika Padukone,Rishi Kapoor,Rahul Khanna,Comedy,Drama,Romance            
Mere Pyare Prime Minister,6.8,Rakeysh Omprakash Mehra,Rasika Agashe,Sonia Albizuri,Syna Anand,Adarsh Bharti,Drama            ,,
W,6.8,Tarun Madan Chopra,Leeza Mangaldas,Lezlie Tripathy,Sonal Giani,Raaj Singh Arora,Crime,Musical,Thriller            
Sarkar Raj,6.8,Ram Gopal Varma,Amitabh Bachchan,Abhishek Bachchan,Aishwarya Rai Bachchan,Ravi Kale,Crime,Drama            ,
New York,6.8,Kabir Khan,John Abraham,Katrina Kaif,Neil Nitin Mukesh,Irrfan Khan,Crime,Drama,Thriller            
Rebellious Flower,6.8,Krishan Hooda,Prince Shah,Shashank Singh,Mantra,Shaneel Sinha,Biography,Drama            ,
Babloo Happy Hai,6.8,Nila Madhab Panda,Sahil Anand,Erica Fernandes,Parvin Dabas,Preet Kamal,Comedy,Drama,Romance            
Strings of Passion,6.8,Sanghamitra Chaudhuri,Zeenat Aman,Indrani Haldar,Avalok Nagpal,Rajesh Sharma,Drama            ,,
Cheeni Kum,6.8,R. Balki,Amitabh Bachchan,Tabu,Paresh Rawal,Zohra Sehgal,Comedy,Romance            ,
Buddha in a Traffic Jam,6.8,Vivek Agnihotri,Aanchal Dwivedi,Mahie Gill,Pallavi Joshi,Anupam Kher,Crime,Thriller            ,
Shamitabh,6.8,R. Balki,Amitabh Bachchan,Dhanush,Akshara Haasan,Abhinaya,Drama            ,,
Rocky Handsome,6.8,Nishikant Kamat,John Abraham,Nishikant Kamat,Sharad Kelkar,Teddy Maurya,Action,Thriller            ,
City of Gold - Mumbai 1982: Ek Ankahee Kahani,6.8,Mahesh Manjrekar,Sachin Khedekar,Seema Biswas,Ankush Chaudhari,Satish Kaushik,Crime,Drama            ,
Angrezi Mein Kehte Hain,6.8,Harish Vyas,Shivani Raghuvanshi,Anshuman Jha,Ekavali Khanna,Sanjay Mishra,Drama            ,,
Hind Ka Napak Ko Jawab,6.8,Honeypreet Insan,Gurmeet Ram Rahim Singh,Gurmeet Ram Rahim Singh,Honeypreet Insan,Aditya Insan,Action,Comedy            ,
Arjun: The Warrior Prince,6.8,Arnab Chaudhuri,Yudhveer Bakoliya,Ashok Banthia,Ravi Khanvilkar,Vijay Kashyap,Animation,Action,Adventure            
MSG 2 the Messenger,6.8,Gurmeet Ram Rahim Singh,Charanpreet Insan,Honeypreet Insan,RooheMeet Insan,Sahil Insan,Comedy,Drama,Fantasy            
Kaala,6.8,Pa. Ranjith,Rajinikanth,Nana Patekar,Easwari Rao,Huma Qureshi,Action,Drama            ,
I Am,6.8,Sonali Gulati,Sonali Gulati,,,,Documentary,Biography,Family            
Notebook,6.8,Nitin Kakkar,Zaheer Iqbal,Pranutan Bahl,Mir Mohammed Mehroos,Mir Mohammed Zayan,Drama,Romance            ,
Barah Aana,6.8,Raja Menon,Naseeruddin Shah,Vijay Raaz,Arjun Mathur,Violante Placido,Comedy,Crime,Drama            
Jal,6.8,Girish Malik,Purab Kohli,Tannishtha Chatterjee,Kirti Kulhari,Mukul Dev,Drama            ,,
Welcome,6.8,Anees Bazmee,Akshay Kumar,Nana Patekar,Anil Kapoor,Mallika Sherawat,Comedy,Romance            ,
Island City,6.8,Ruchika Oberoi,Vinay Pathak,Amruta Subhash,Tannishtha Chatterjee,Chandan Roy Sanyal,Drama            ,,
Hanuman Da' Damdaar,6.8,Ruchi Narain,Salman Khan,Sunny Deol,Raveena Tandon,Javed Akhtar,Animation,Family            ,
Bhoothnath Returns,6.7,Nitesh Tiwari,Amitabh Bachchan,Boman Irani,Parth Bhalerao,Sanjay Mishra,Comedy,Drama,Fantasy            
Children of War,6.7,Mrityunjay Devvrat,Farooq Shaikh,Victor Banerjee,Pavan Malhotra,Indraneil Sengupta,Drama,History,War            
Fireflies,6.7,Sabal Singh Shekhawat,Rahul Khanna,Arjun Mathur,Shivani Ghai,Monica Dogra,Drama,Family            ,
Bombay Talkies,6.7,Zoya Akhtar,Dibakar Banerjee,Karan Johar,Anurag Kashyap,Rani Mukerji,Drama            ,,
Milta Hai Chance by Chance,6.7,Ramesh Modi,Divyaa Dwivedi,Sana Govil,Jawahar Jairath,Vishal Kaushik,Comedy            ,,
Gold,6.7,Stephen Gaghan,Matthew McConaughey,Edgar Ram√≠rez,Bryce Dallas Howard,Corey Stoll,Crime,Drama            ,
Shor Se Shuruaat,6.7,Amira Bhargava,Rahul V. Chittella,Satish Raj Kasireddi,Pratik Kothari,Arunima Sharma,Drama            ,,
Running Shaadi,6.7,Amit Roy,Arsh Bajwa,Taapsee Pannu,Richa Meena,Amit Sadh,Comedy,Romance            ,
Om Shanti Om,6.7,Farah Khan,Shah Rukh Khan,Deepika Padukone,Arjun Rampal,Kiron Kher,Action,Comedy,Drama            
Quantico,6.7,Priyanka Chopra,Jake McLaughlin,Johanna Braddy,Aunjanue Ellis,,Crime,Drama,Mystery            
Kaavalan,6.7,Siddique,Joseph Vijay,Asin,Raj Kiran,Vadivelu,Action,Drama,Romance            
Chauranga,6.6,Bikas Ranjan Mishra,Sanjay Suri,Tannishtha Chatterjee,Riddhi Sen,Soham Maitra,Drama            ,,
Fast & Furious,6.6,Justin Lin,Vin Diesel,Paul Walker,Michelle Rodriguez,Jordana Brewster,Action,Adventure,Thriller            
Qissa: The Tale of a Lonely Ghost,6.6,Anup Singh,Irrfan Khan,Tisca Chopra,Tillotama Shome,Rasika Dugal,Drama,Fantasy            ,
The Past,6.6,Gagan Puri,Sonia Albizuri,Samiksha Bhatt,Yuvraaj Parashar,Deepti Pujari,Drama,Horror            ,
Mirch,6.6,Vinay Shukla,Arunoday Singh,Raima Sen,Konkona Sen Sharma,Tisca Chopra,Comedy,Drama,Fantasy            
Kajarya,6.6,Madhureeta Anand,Meenu Hooda,Ridhima Sud,Kuldeep Ruhil,Shashi Bhushan,Drama            ,,
Gurgaon,6.6,Shanker Raman,Akshay Oberoi,Pankaj Tripathi,Aamir Bashir,Ragini Khanna,Crime,Thriller            ,
The Silent Heroes,6.6,Mahesh Bhatt,Mann Bagga,Gurfareen Bano,Maanuv Bharadwaj,Tarun Bhargawa,Adventure,Drama,Family            
Go Goa Gone,6.6,Krishna D.K.,Raj Nidimoru,Saif Ali Khan,Kunal Khemu,Vir Das,Action,Adventure,Comedy            
Risk,6.6,Vishram Sawant,Vinod Khanna,Randeep Hooda,Tanushree Dutta,Madhuri Bhagwat,Action,Crime,Drama            
Coffee House,6.6,Gurbir Singh Grewal,Ashutosh Rana,Sakshi Tanwar,Neha Mishra,Aman Dhaliwal,Drama            ,,
Hello Zindagi,6.6,Raja Unnithan,Kitu Gidwani,Milind Gunaji,Neena Gupta,Mrunmayee Lagoo,Drama,Family            ,
Toss: A Flip of Destiny,6.6,Ramesh Khatkar,Rannvijay Singh,Prashant Raj,Ashmit Patel,Aarti Chhabria,Crime,Drama,Thriller            
De De Pyaar De,6.6,Akiv Ali,Ajay Devgn,Tabu,Rakul Preet Singh,Jimmy Sheirgill,Comedy,Romance            ,
Wanted,6.6,Prabhu Deva,Salman Khan,Ayesha Takia,Vinod Khanna,Govind Namdeo,Action,Crime,Thriller            
Laal Kaptaan,6.6,Navdeep Singh,Saif Ali Khan,Sonakshi Sinha,Simone Singh,Henry Douthwaite,Action,Drama            ,
Race,6.6,Abbas Alibhai Burmawalla,Mastan Alibhai Burmawalla,Saif Ali Khan,Akshaye Khanna,Bipasha Basu,Action,Crime,Drama            
Anaarkali of Aarah,6.5,Avinash Das,Pankaj Tripathi,Sanjay Mishra,Swara Bhaskar,Mayur More,Drama            ,,
Chhota Bheem and the Curse of Damyaan,6.5,Rajiv Chilaka,Jigna Bhardwaj,Chutki,Kaustav Ghosh,Rajesh Kava,Animation,Adventure,Fantasy            
Fukrey Returns,6.5,Mrighdeep Lamba,Pulkit Samrat,Manjot Singh,Ali Fazal,Varun Sharma,Comedy            ,,
Manikarnika: The Queen of Jhansi,6.5,Radha Krishna Jagarlamudi,Kangana Ranaut,Kangana Ranaut,Anil George,Rimi Sen,Action,Biography,Drama            
Riyasat,6.5,Ashok Tyagi,Rajesh Khanna,Aryeman Ramsay,Raza Murad,Aryan Vaid,Crime            ,,
Dostana,6.5,Tarun Mansukhani,Abhishek Bachchan,John Abraham,Priyanka Chopra,Kiron Kher,Comedy,Drama,Romance            
Romeo Akbar Walter,6.5,Robbie Grewal,John Abraham,Mouni Roy,Jackie Shroff,Anil George,Action,Drama,Thriller            
Khido Khundi,6.5,Rohit Jugraj,Ranjit Bawa,Manav Vij,Mandy Takhar,Elnaaz Norouzi,Drama,Sport            ,
Ankur Arora Murder Case,6.5,Sohail Tatari,Kay Kay Menon,Visshesh Tiwari,Tisca Chopra,Arjun Mathur,Drama,Thriller            ,
Mod,6.5,Nagesh Kukunoor,Ayesha Takia,Rannvijay Singh,Raghuvir Yadav,Tanvi Azmi,Drama,Romance,Thriller            
Shorts,6.5,Neeraj Ghaywan,Siddharth Gupt,Rohit Pandey,Anirban Roy,Shlok Sharma,Drama            ,,
The Sky Is Pink,6.5,Shonali Bose,Zaira Wasim,Priyanka Chopra,Farhan Akhtar,Rohit Saraf,Drama,Family,Romance            
Traffic Signal,6.5,Madhur Bhandarkar,Kunal Khemu,Neetu Chandra,Upendra Limaye,Ranvir Shorey,Drama            ,,
Chal Chalein,6.5,Ujjwal Singh,Javed Abedi,Anand Abhyankar,Adityansh,Lalit Agarwal,Drama            ,,
Pappu Can't Dance Saala,6.5,Saurabh Shukla,Vinay Pathak,Neha Dhupia,Rajat Kapoor,Brijendra Kala,Comedy,Drama,Romance            
Mission Mangal,6.5,Jagan Shakti,Akshay Kumar,Vidya Balan,Sonakshi Sinha,Taapsee Pannu,Drama,History            ,
Kahin Hai Mera Pyar,6.5,Mahesh Vaijnath Doijode,Manas Das,Eesha Agarwal,Gajendra Chouhan,Sanjay Kapoor,Drama,Musical,Romance            
Monsoon Shootout,6.5,Amit Kumar,Vijay Varma,Nawazuddin Siddiqui,Neeraj Kabi,Geetanjali Thapa,Action,Crime,Drama            
Yeh Ishq Sarfira,6.5,Varun Khanna,Mohamed Abdullah,Naina Aswal,Himesh Choudhary,Rajkumar Kanojia,Action,Thriller            ,
Blue Oranges,6.5,Rajesh Ganguly,Rajit Kapoor,Aham Sharma,Pooja Kanwal,Richashree,Mystery            ,,
Aurangzeb,6.5,Atul Sabharwal,Arjun Kapoor,Sasha Aagha,Prithviraj Sukumaran,Rishi Kapoor,Action,Drama,Thriller            
Coffee Bloom,6.5,Manu Warrier,Arjun Mathur,Sugandha Garg,Ishwari Bose-Bhattacharya,Mohan Kapoor,Drama            ,,
Goliyon Ki Rasleela Ram-Leela,6.4,Sanjay Leela Bhansali,Ranveer Singh,Deepika Padukone,Supriya Pathak,Sharad Kelkar,Drama,Musical,Romance            
Kaccha Limboo,6.4,Sagar Ballary,Karan Bhanushali,Bhairavi Goswami,Iravati Harshe,Chinmay Kambli,Comedy,Family            ,
Right Yaaa Wrong,6.4,Neeraj Pathak,Sunny Deol,Irrfan Khan,Isha Koppikar,Konkona Sen Sharma,Crime,Drama,Thriller            
Khoobsurat,6.4,Shashanka Ghosh,Sonam Kapoor,Fawad Khan,Ratna Pathak Shah,Kiron Kher,Comedy,Romance            ,
Do Lafzon Ki Kahani,6.4,Deepak Tijori,Kajal Aggarwal,Anil George,Randeep Hooda,Snehal Kulshreshtha,Action,Drama,Romance            
"Love, Wrinkle-free",6.4,Sandeep Mohan,Ash Chandler,Shernaz Patel,Sohrab Ardeshir,Seema Rahmani,Comedy,Drama,Romance            
1920,6.4,Vikram Bhatt,Rajniesh Duggall,Adah Sharma,Anjori Alagh,Raj Zutshi,Horror,Mystery,Romance            
Zor Lagaa Ke... Haiya!,6.4,Girish Girija Joshi,Meghan Jadhav,Mithun Chakraborty,Riya Sen,Seema Biswas,Comedy,Drama,Family            
Haraamkhor,6.4,Shlok Sharma,Nawazuddin Siddiqui,Shweta Tripathi,Trimala Adhikari,Irfan Khan,Drama,Romance            ,
Lahore,6.4,Sanjay Puransingh Chauhan,Farooq Shaikh,Nafisa Ali,Aanaahad,Sabyasachi Chakrabarty,Action,Drama,Sport            
Angry Young Man,6.4,Ramesh Rout,Amit Bhardwaj,Ashit Kumar,Ajay Sinh Rathod,Prachi Sinha,Action            ,,
Chaarfutiya Chhokare,6.4,Manish Harishankar,Soha Ali Khan,Zakir Hussain,Seema Biswas,Mukesh Tiwari,Drama,Thriller            ,
Ek Villain,6.4,Mohit Suri,Sidharth Malhotra,Shraddha Kapoor,Riteish Deshmukh,Shaad Randhawa,Action,Crime,Drama            
Chargesheet,6.3,Dev Anand,Dev Anand,Sanket Dhawan,Divya Dutta,Shehzad Khan,Drama,Thriller            ,
Future to Bright Hai Ji,6.3,Sanjay Amar,Aamir Bashir,Sonal Sehgal,Asrani,Brijendra Kala,Drama            ,,
Sixteen,6.3,Raj Purohit,Wamiqa Gabbi,Izabelle Leite,Mehak Manwani,Highphill Mathew,Drama,Romance,Thriller            
Khoya Khoya Chand,6.3,Sudhir Mishra,Shiney Ahuja,Soha Ali Khan,Rajat Kapoor,Vinay Pathak,Drama,Romance            ,
The Journey of Karma,6.3,Jagbir Dahiya,Shakti Kapoor,Poonam Pandey,Gauri Shankar,,Drama            ,,
Hello Hum Lallann Bol Rahe Hain,6.3,Dilip Shukla,Rajpal Yadav,Preeti Mehra,Makarand Anaspure,Ketki Dave,Comedy,Drama            ,
Jalebi,6.3,Pushpdeep Bhardwaj,Rhea Chakraborty,Varun Mitra,Digangana Suryavanshi,Arya Poorti,Drama            ,,
Aaja Nachle,6.3,Anil Mehta,Madhuri Dixit,Darshan Jariwala,Raghuvir Yadav,Divya Dutta,Drama,Family,Music            
Main Aur Charles,6.3,Prawaal Raman,Adil Hussain,Alexx O'Nell,Anastasia Fullfina,Dijana Dejanovic,Action,Biography,Crime            
Chal Pichchur Banate Hain,6.3,Pritish Chakraborty,Sagar Bhangade,Mukesh Bhatt,Vipul Bhatt,Manmeet Dhanjal,Comedy,Drama            ,
"Raat Gayi, Baat Gayi?",6.3,Saurabh Shukla,Aamir Bashir,Anil Chaudhary,Makrand Deshpande,Neha Dhupia,Comedy,Drama            ,
Ajab Prem Ki Ghazab Kahani,6.3,Rajkumar Santoshi,Ranbir Kapoor,Katrina Kaif,Darshan Jariwala,Smita Jaykar,Action,Comedy,Romance            
Passport,6.3,Rajesh Sharma,Anna Ador,Ujjval Dave,Prem Gadhavi,Lipi Goyal,Comedy,Drama            ,
Daddy,6.3,Ashim Ahluwalia,Arjun Rampal,Aishwarya Rajesh,Nishikant Kamat,Rajesh Shringarpore,Action,Biography,Crime            
A New Love Ishtory,6.3,John Mathew Matthan,Gurpreet Kaur Chadha,Smita Jaykar,Vijay Patkar,Rajkummar Rao,Romance            ,,
Luka Chuppi,6.3,Laxman Utekar,Kartik Aaryan,Kriti Sanon,Aparshakti Khurana,Pankaj Tripathi,Comedy,Romance            ,
Bhoothnath,6.3,Vivek Sharma,Amitabh Bachchan,Juhi Chawla,Satish Shah,Rajpal Yadav,Comedy,Drama,Family            
Akaash Vani,6.2,Luv Ranjan,Kartik Aaryan,Nushrat Bharucha,Sunny Singh Nijjar,Gautam Mehra,Drama,Romance            ,
Mercury,6.2,Karthik Subbaraj,Prabhu Deva,Gajaraj,Ramya Nambeeshan,Indhuja Ravichandran,Horror,Thriller            ,
M.A.D: Mad About Dance,6.2,Saahil Prem,Saahil Prem,Amrit Maghera,Salah Benlemqawanssa,Akilesh Unnitan,Drama,Musical            ,
Force 2,6.2,Abhinay Deo,John Abraham,Sonakshi Sinha,Tahir Raj Bhasin,Adil Hussain,Action,Thriller            ,
Say Yes to Love,6.2,Mahrukh Mirza,Nazia Hussain,Salim Khan,Aasad Mirza,Saira Mirza,Romance            ,,
Pizza,6.2,Akshay Akkineni,Akshay Oberoi,Parvathy Omanakuttan,Arunoday Singh,Dipannita Sharma,Horror            ,,
Bachna Ae Haseeno,6.2,Siddharth Anand,Ranbir Kapoor,Deepika Padukone,Bipasha Basu,Minissha Lamba,Comedy,Drama,Romance            
Jail,6.2,Madhur Bhandarkar,Manoj Bajpayee,Neil Nitin Mukesh,Atul Kulkarni,Mugdha Godse,Drama            ,,
From Sydney with Love,6.2,Prateek Chakravorty,Bidita Bag,Sabyasachi Chakrabarty,Ronjini Chakraborty,Prateek Chakravorty,Comedy,Romance            ,
Sankat City,6.2,Pankaj Advani,Kay Kay Menon,Rimi Sen,Anupam Kher,Chunky Pandey,Comedy,Crime,Drama            
Teree Sang: A Kidult Love Story,6.2,Satish Kaushik,Ruslaan Mumtaz,Sheena Shahabadi,Rajat Kapoor,Neena Gupta,Drama,Romance            ,
Super Singh,6.2,Anurag Singh,Diljit Dosanjh,Sonam Bajwa,Pavan Malhotra,Alexandra Bandean,Action,Comedy,Fantasy            
Nanu Ki Jaanu,6.2,Faraz Haider,Abhay Deol,Patralekhaa Paul,Rajesh Sharma,Himani Shivpuri,Comedy,Drama,Horror            
Irada,6.2,Aparnaa Singh,Naseeruddin Shah,Arshad Warsi,Divya Dutta,Sharad Kelkar,Drama,Mystery,Thriller            
Mantostaan,6.2,Rahat Kazmi,Bhanu Pratap Singh,Sonal Sehgal,Shoib Shah,Aaditya Pratap Singh,Drama,History            ,
Na Ghar Ke Na Ghaat Ke,6.2,Rahul Aggarwal,Om Puri,Paresh Rawal,Neena Gupta,Ravi Kishan,Comedy,Drama            ,
Haunted - 3D,6.2,Vikram Bhatt,Mimoh Chakraborty,Tia Bajpai,Achint Kaur,Mohan Kapoor,Horror,Mystery,Thriller            
Jugni,6.2,Shefali Bhushan,Sadhana Singh,Anurita Jha,Sugandha Garg,Divya Unny,Drama            ,,
Murder 2,6.2,Mohit Suri,Emraan Hashmi,Jacqueline Fernandez,Prashant Narayanan,Sulagna Panigrahi,Action,Drama,Horror            
Maari,6.2,Balaji Mohan,Dhanush,Kajal Aggarwal,Vijay Yesudas,Robo Shankar,Action,Comedy,Drama            
Thodi Thodi Si Manmaaniyan,6.2,Aditya Sarpotdar,Mukesh Tiwari,Shrenu Parikh,Shilpa Tulaskar,Kuldeep Sarin,Drama,Romance            ,
Kabali,6.2,Pa. Ranjith,Rajinikanth,Winston Chao,Radhika Apte,Dhansika,Action,Crime,Drama            
Maal Road Dilli,6.2,Atul Sriva,Rhythm Arora,Manveer Choudhary,Neha Kargeti,Matin Khan,Comedy            ,,
Dharam Sankat Mein,6.2,Fuwad Khan,Naseeruddin Shah,Paresh Rawal,Annu Kapoor,Auritra Ghosh,Comedy            ,,
Vedalam,6.2,Siva,Ajith Kumar,Shruti Haasan,Lakshmi Menon,Soori,Action,Drama            ,
David,6.2,Bejoy Nambiar,Vikram,Neil Nitin Mukesh,Vinay Virmani,Tabu,Action,Crime,Drama            
All the Best: Fun Begins,6.1,Rohit Shetty,Sanjay Dutt,Ajay Devgn,Fardeen Khan,Bipasha Basu,Action,Comedy,Drama            
Phillauri,6.1,Anshai Lal,Anushka Sharma,Diljit Dosanjh,Suraj Sharma,Mehreen Pirzada,Comedy,Drama,Fantasy            
Halla Bol,6.1,Rajkumar Santoshi,Ajay Devgn,Vidya Balan,Pankaj Kapur,Darshan Jariwala,Crime,Drama            ,
The Film Emotional Atyachar,6.1,Akshay Shere,Ranvir Shorey,Vinay Pathak,Ravi Kishan,Mohit Ahlawat,Comedy,Crime,Drama            
Honeymoon Travels Pvt. Ltd.,6.1,Reema Kagti,Ranvir Shorey,Dia Mirza,Abhay Deol,Minissha Lamba,Comedy,Drama,Romance            
MSG: The Messenger of God,6.1,Jeetu Arora,Gurmeet Ram Rahim Singh,Gurmeet Ram Rahim Singh,Daniel Kaleb,Flora Saini,Action,Comedy,Drama            
Billu,6.1,Priyadarshan,Irrfan Khan,Lara Dutta,Om Puri,Asrani,Comedy,Drama            ,
Yeh Faasley,6.1,Yogesh Mittal,Rachita Bhattacharya,Seema Biswas,Sudha Chandran,Sanjiv Chopra,Crime,Drama,Mystery            
Prassthanam,6.1,Deva Katta,Sanjay Dutt,Jackie Shroff,Ali Fazal,Manisha Koirala,Action,Drama            ,
I Am 24,6.1,Saurabh Shukla,Rajat Kapoor,Ranvir Shorey,Neha Dhupia,Manjari Fadnnis,Comedy,Romance            ,
Ya Rab,6.1,Hasnain Hyderabadwala,Indrapal Ahuja,Neha Baam,Vikram Dahiya,Rakesh Deewana,Drama            ,,
Time Out,6.1,Rikhil Bahadur,Chirag Malhotra,Pranay Pachauri,Kaamya Sharma,Aditya Jain,Drama,Family,Music            
Inkaar,6.1,Sudhir Mishra,Arjun Rampal,Chitrangda Singh,Vipin Sharma,Mithun Rodwittiya,Drama,Romance,Thriller            
Mickey Virus,6.1,Saurabh Varma,Manish Paul,Dean Alexandrou,Elli Avrram,Varun Badola,Comedy,Thriller            ,
Batti Gul Meter Chalu,6.1,Shree Narayan Singh,Shahid Kapoor,Shraddha Kapoor,Divyendu Sharma,Yami Gautam,Drama            ,,
The Accidental Prime Minister,6.1,Vijay Ratnakar Gutte,Anupam Kher,Akshaye Khanna,Aahana Kumra,Arjun Mathur,Biography,Drama            ,
Shortcut Safari,6.1,Amitabha Singh,Jimmy Sheirgill,Manmeet Singh,,,Adventure,Drama,Mystery            
Dhol,6.1,Priyadarshan,Sharman Joshi,Tusshar Kapoor,Kunal Khemu,Rajpal Yadav,Comedy,Crime,Mystery            
U R My Jaan,6.0,Aron Govil,Mikaal,Preeti Soni,Himani Shivpuri,Anil Dhawan,Romance            ,,
6-5=2,6.0,Swarna Latha,Darshan Apoorva,Vijay Chendoor,Mruthyunjaya,Pallavi,Horror,Thriller            ,
Jeena Hai Toh Thok Daal,6.0,Manish Vatssalya,Ravi Kishan,Manish Vatssalya,Yashpal Sharma,Rahul Kumar,Drama            ,,
Na Jaane Kabse,6.0,Pammi Somal,Lillete Dubey,Gurpreet Ghuggi,Gary Gill,Ayub Khan,Romance            ,,
The Waiting Room,6.0,Maneej Premnath,Raj Singh Chaudhary,Radhika Apte,Sandeep Kulkarni,Prateeksha Lonkar,Crime,Drama,Mystery            
Aakhari Decision,6.0,Deepak Kumar Bandhu,Paul Sidhu,Sumona Chakravarti,Anant Jog,Nagesh Bhonsle,Action,Drama,Thriller            
Bollywood Diaries,6.0,K.D. Satyam,Raima Sen,Salim Diwan,Ashish Vidyarthi,Karuna Pandey,Drama            ,,
Tiger Zinda Hai,6.0,Ali Abbas Zafar,Anupriya Goenka,Salman Khan,Katrina Kaif,Paresh Rawal,Action,Adventure,Thriller            
Apne,6.0,Anil Sharma,Dharmendra,Sunny Deol,Bobby Deol,Shilpa Shetty Kundra,Drama,Sport            ,
Bumm Bumm Bole,6.0,Priyadarshan,Atul Kulkarni,Rituparna Sengupta,Darsheel Safary,Ziyah Vastani,Drama,Family,Thriller            
Ramayana: The Epic,6.0,Chetan Desai,Manoj Bajpayee,Juhi Chawla,Ashutosh Rana,Mukesh Rishi,Animation,Adventure,Family            
Life Mein Kabhie Kabhiee,6.0,Vikram Bhatt,Aftab Shivdasani,Dino Morea,Anuj Sawhney,Nauheed Cyrusi,Drama,Thriller            ,
Humpty Sharma Ki Dulhania,6.0,Shashank Khaitan,Varun Dhawan,Alia Bhatt,Ashutosh Rana,Sidharth Shukla,Comedy,Drama,Romance            
Utt Pataang,6.0,Srikanth Velagaleti,Vinay Pathak,Saurabh Shukla,Mahie Gill,Mona Singh,Comedy,Drama            ,
Raja Abroadiya,6.0,Lakhwinder Shabla,Robin Sohi,Vaishnavi Patwardhan,Alankrita Bora,Yograj Singh,Romance            ,,
Tera Kya Hoga Johnny,6.0,Sudhir Mishra,Neil Nitin Mukesh,Sikandar Agarwal,Aditya Bhattacharya,Abhay Deol,Crime,Drama,Thriller            
Heyy Babyy,6.0,Sajid Khan,Juanna Sanghvi,Akshay Kumar,Fardeen Khan,Riteish Deshmukh,Comedy,Drama            ,
Blank,6.0,Behzad Khambata,Sunny Deol,Karan Kapadia,Karanvir Sharma,Ishita Dutta,Action,Thriller            ,
Why Cheat India,6.0,Soumik Sen,Emraan Hashmi,Shreya Dhanwanthary,Snighdadeep Chatterji,Ashmita Kaur Bakshi,Crime,Drama            ,
Delhi-6,6.0,Rakeysh Omprakash Mehra,Waheeda Rehman,Abhishek Bachchan,Sonam Kapoor,Rishi Kapoor,Comedy,Drama            ,
Love You to Death,6.0,Rafeeq Ellias,Sohrab Ardeshir,Abhro Banerjee,Kallol Banerjee,Nicholas Brown,Comedy,Thriller            ,
Jattu Engineer,6.0,Honeypreet Insan,Gurmeet Ram Rahim Singh,Amardeep Insan,Ashok Insan,Divya Insan,Comedy            ,,
Challo Driver,6.0,Vickrant Mahajan,Vickrant Mahajan,Kainaz Motivala,Prem Chopra,Deepak Arora,Comedy            ,,
U Me Aur Hum,5.9,Ajay Devgn,Ajay Devgn,Kajol,Sumeet Raghvan,Divya Dutta,Drama,Romance            ,
The Perfect Girl,5.9,Prakash Nambiar,Teeshay,Tara-Alisha Berry,Shalaka Apte,Ashutosh Chabbra,Romance            ,,
Lanka,5.9,Maqbool Khan,Manoj Bajpayee,Arjan Bajwa,Tia Bajpai,Yashpal Sharma,Action,Crime,Drama            
Satya 2,5.9,Ram Gopal Varma,Puneet Singh Ratn,Sharvanand,Anaika Soti,Mahesh Thakur,Action,Crime,Drama            
Satyagraha,5.9,Prakash Jha,Amitabh Bachchan,Manoj Bajpayee,Kareena Kapoor,Ajay Devgn,Drama            ,,
Straight,5.9,Parvati Balagopalan,Vinay Pathak,Gul Panag,Anuj Chaudhary,Sid Makkar,Comedy,Drama            ,
Bank Chor,5.9,Bumpy,Riteish Deshmukh,Vivek Oberoi,Rhea Chakraborty,Sahil Vaid,Action,Comedy,Thriller            
Quick Gun Murugun: Misadventures of an Indian Cowboy,5.9,Shashanka Ghosh,Rajendra Prasad,Nassar,Rambha,Raju Sundaram,Action,Comedy,Drama            
Vishwaroopam 2,5.9,Kamal Haasan,Kamal Haasan,Rahul Bose,Shekhar Kapur,Pooja Kumar,Action,Thriller            ,
Mumbai Delhi Mumbai,5.8,Satish Rajwade,Shiv Panditt,Piaa Bajpai,Naisha Arora,Manoj Bakshi,Comedy,Romance            ,
Ae Dil Hai Mushkil,5.8,Karan Johar,Ranbir Kapoor,Aishwarya Rai Bachchan,Anushka Sharma,Fawad Khan,Drama,Music,Musical            
1:13:7 Ek Tera Saath,5.8,Arshad Siddiqui,Pankaj Berry,Anubhav Dhir,Hritu Dudani,Aprajita Mahajan,Horror            ,,
"Three: Love, Lies, Betrayal",5.8,Vishal Pandya,Aashish Chaudhary,Akshay Kapoor,Nausheen Ali Sardar,Achint Kaur,Drama,Mystery,Thriller            
Ab Tak Chhappan 2,5.8,Ejaz Gulab,Nana Patekar,Mohan Agashe,Gul Panag,Ashutosh Rana,Action,Crime,Thriller            
Chintu Ji,5.8,Ranjit Kapoor,Rishi Kapoor,Priyanshu Chatterjee,Kulraj Randhawa,Saurabh Shukla,Comedy,Drama            ,
Ajab singh ki gajab kahani,5.8,Rishi Prakash Mishra,Vikas Giri,Rajesh Jais,Amit Koushik,Mukesh Mishra,Drama            ,,
Mumbai Mast Kallander,5.8,Musavir Jaleel,Aman Mihani,Mohsin,Muzzi,Shilpa Shukla,Action,Comedy,Crime            
Aloo Chaat,5.8,Robbie Grewal,Aftab Shivdasani,Aamna Sharif,Linda Arsenio,Sanjay Mishra,Comedy,Drama,Romance            
Aalaap,5.8,Manish Manikpuri,Omkar Das Manikpuri,Pitobash,Amit Purohit,Vijay Raaz,Sci-Fi            ,,
Let's Dance,5.8,Aarif Sheikh,Gayatri Bahl,Aqib Afzaal,Ajay Chaudhary,Aabhas Yadav,Crime,Drama,Musical            
Malaal,5.8,Mangesh Hadawale,Meezaan Jafri,Sharmin Segal,Badri Chavan,Komal Chhabria,Action,Drama,Romance            
Love Shagun,5.8,Saandesh Nayak,Anuj Sachdeva,Nidhi Subbaiah,Manit Joura,Simpy Singh,Comedy,Romance            ,
Do Dilon Ke Khel Mein,5.8,Akash Pandey,Rajesh Khanna,Annu Kapoor,Nausheen Ali Sardar,Rohit Nayyar,Comedy,Drama,Romance            
Ghanchakkar,5.8,Raj Kumar Gupta,Emraan Hashmi,Vidya Balan,Raj Kumar Gupta,Rajesh Sharma,Comedy,Crime,Thriller            
Nautanki Saala!,5.8,Rohan Sippy,Ayushmann Khurrana,Kunaal Roy Kapur,Pooja Salvi,Gaelyn Mendonca,Comedy            ,,
Sukhmani,5.7,Gurdas Maan,Juhi Chawla,Divya Dutta,Anup Soni,,Drama            ,,
Mohenjo Daro,5.7,Ashutosh Gowariker,Hrithik Roshan,Pooja Hegde,Kabir Bedi,Arunoday Singh,Action,Adventure,Drama            
Love Khichdi,5.7,Srinivas Bhashyam,Randeep Hooda,Rituparna Sengupta,Sada,Divya Dutta,Comedy,Drama,Romance            
Kurbaan,5.7,Renzil D'Silva,Lewis Tan,Kareena Kapoor,Saif Ali Khan,Om Puri,Action,Crime,Drama            
The Blueberry Hunt,5.7,Anup Kurian,Kartik Elangovan,Vinay Forrt,Aahana Kumra,P.T. Manoj,Action,Thriller            ,
A Decent Arrangement,5.7,Sarovar Banka,Shabana Azmi,Diksha Basu,Adhir Bhat,Adam Laupus,Comedy,Drama            ,
Ek Thi Daayan,5.7,Kannan Iyer,Emraan Hashmi,Konkona Sen Sharma,Kalki Koechlin,Huma Qureshi,Horror,Romance,Thriller            
Singh Is Kinng,5.7,Anees Bazmee,Akshay Kumar,Katrina Kaif,Om Puri,Kiron Kher,Action,Comedy,Crime            
Partner,5.7,David Dhawan,Salman Khan,Govinda,Lara Dutta,Katrina Kaif,Comedy,Drama,Romance            
BHK Bhalla@Halla.Kom,5.7,Rakesh Chaturvedi Om,Rasika Agashe,Inshika Bedi,Sukhwinder Chahal,Nirmala J. Chandra,Comedy            ,,
Ek Main Aur Ekk Tu,5.7,Shakun Batra,Kareena Kapoor,Imran Khan,Boman Irani,Zenobia Shroff,Comedy,Drama,Romance            
Shuddh Desi Romance,5.7,Maneesh Sharma,Sushant Singh Rajput,Parineeti Chopra,Rishi Kapoor,Vaani Kapoor,Drama,Romance            ,
Saaho,5.7,Sujeeth,Prabhas,Shraddha Kapoor,Jacqueline Fernandez,Jackie Shroff,Action,Thriller            ,
Dil Toh Baccha Hai Ji,5.7,Madhur Bhandarkar,Ajay Devgn,Emraan Hashmi,Omi Vaidya,Shazahn Padamsee,Comedy,Drama,Romance            
Sameer,5.7,Dakxin Bajrange,Mohammed Zeeshan Ayyub,Master Shubham Bajrange,Jay Bhatt,Seema Biswas,Drama            ,,
Kis Kisko Pyaar Karoon,5.7,Abbas Alibhai Burmawalla,Mastan Alibhai Burmawalla,Kapil Sharma,Simran Kaur Mundi,Manjari Fadnnis,Comedy            ,,
Love Breakups Zindagi,5.7,Sahil Sangha,Zayed Khan,Dia Mirza,Cyrus Sahukar,Tisca Chopra,Comedy,Drama,Romance            
Tum Milo Toh Sahi,5.7,Kabir Sadanand,Nana Patekar,Dimple Kapadia,Sunil Shetty,Vidya Malvade,Comedy,Drama            ,
John Day,5.7,Ahishor Solomon,Naseeruddin Shah,Randeep Hooda,Elena Kazan,Shernaz Patel,Drama            ,,
Dus Kahaniyaan,5.7,Jasmeet Dhodhi,Meghna Gulzar,Sanjay Gupta,Apoorva Lakhia,Hansal Mehta,Drama            ,,
Yeh Hai India,5.7,Lom Harsh,Gavie Chahal,Mohan Agashe,Mohan Joshi,Lom Harsh,Action,Adventure,Drama            
Qaidi Band,5.7,Habib Faisal,Aadar Jain,Anya Singh,Mikhail Yawalkar,Anna Ador,Drama,Music            ,
Fatso!,5.7,Rajat Kapoor,Gul Panag,Purab Kohli,Ranvir Shorey,Bharti Achrekar,Comedy,Fantasy,Romance            
Singh Saab the Great,5.7,Anil Sharma,Sunny Deol,Urvashi Rautela,Prakash Raj,Amrita Rao,Action,Drama            ,
Mere Khwabon Mein Jo Aaye,5.7,Madhureeta Anand,Randeep Hooda,Raima Sen,Arbaaz Khan,Javed Akhtar,Drama,Fantasy,Musical            
Khwaabb,5.6,Zaid Ali Khan,Simer Motiani,Navdip Singh,Bajrangbali Singh,Rishi Miglani,Drama,Romance,Sport            
Staying Alive,5.6,Ananth Narayan Mahadevan,Jahangir Khan,Ananth Narayan Mahadevan,Navni Parihar,Chandan Sanyal,Drama            ,,
Dhoondte Reh Jaoge,5.6,Umesh Shukla,Paresh Rawal,Kunal Khemu,Sonu Sood,Soha Ali Khan,Comedy,Drama            ,
Global Baba,5.6,Manoj Tiwari,Pankaj Tripathi,Sandeepa Dhar,Ravi Kishan,Abhimanyu Singh,Thriller            ,,
Ta Ra Rum Pum,5.6,Siddharth Anand,Saif Ali Khan,Rani Mukerji,Javed Jaffrey,Ali Haji,Family,Romance,Sport            
Gippi,5.6,Sonam Nair,Riya Vij,Taaha Shah Badusha,Acchui,Anjali,Comedy,Drama            ,
Jeena Isi Ka Naam Hai,5.6,Keshhav Panneriy,Arbaaz Khan,Himansh Kohli,Ashutosh Rana,Manjari Fadnnis,Drama            ,,
Ramaiya Vastavaiya,5.6,Prabhu Deva,Shruti Haasan,Girish Taurani,Randhir Kapoor,Sonu Sood,Action,Drama,Romance            
Ata Pata Lapatta,5.6,Rajpal Yadav,Asrani,Amit Behl,Lankesh Bhardwaj,Krishna Bhatt,Comedy,Musical            ,
Vodka Diaries,5.6,Kushal Srivastava,Kay Kay Menon,Raima Sen,Mandira Bedi,Sharib Hashmi,Mystery,Thriller            ,
ROAR: Tigers of the Sundarbans,5.6,Kamal Sadanah,Aadil Chahal,Ahran Chaudhary,Pranay Dixit,Subrat Dutta,Action,Adventure,Sci-Fi            
Satrangee Parachute,5.6,Vineet Khetrapal,Sanjay Mishra,Zakir Hussain,Lilliput,Rupali Ganguly,Comedy,Drama,Family            
Mummy Punjabi: Superman Ki Bhi Maa!!,5.6,Pammi Somal,Kiron Kher,Kanwaljit Singh,Jackie Shroff,Anju Mahendru,Comedy,Drama            ,
Aamras: The Sweet Taste of Friendship,5.6,Rupali Guha,Vega Tamotia,Ntasha Bhardwaj,Maanvi Gagroo,Aanchal Sabharwal,Drama            ,,
Raaz: The Mystery Continues,5.6,Mohit Suri,Kangana Ranaut,Adhyayan Suman,Emraan Hashmi,Vicky Ahuja,Horror,Mystery,Romance            
Heroes,5.6,Samir Karnik,Sohail Khan,Vatsal Sheth,Amrita Arora,Riya Sen,Action,Adventure,Comedy            
Khajoor Pe Atke,5.6,Harsh Chhaya,Vinay Pathak,Suneeta Sengupta,Alka Amin,Manoj Pahwa,Comedy            ,,
Vaada Raha... I Promise,5.5,Samir Karnik,Bobby Deol,Dwij Yadav,Kangana Ranaut,Mohnish Bahl,Drama            ,,
22 Days,5.5,Shivam Tiwari,Rahul Dev,Shivam Tiwari,Sophia Singh,Kirti Choudhary,Thriller            ,,
My Birthday Song,5.5,Samir Soni,Nora Fatehi,Elena Kazan,Suparna Krishna,Pitobash,Thriller            ,,
Zero,5.5,Aanand L. Rai,Shah Rukh Khan,Anushka Sharma,Katrina Kaif,Mohammed Zeeshan Ayyub,Comedy,Drama,Romance            
Helicopter Eela,5.5,Pradeep Sarkar,Kajol,Riddhi Sen,Tota Roy Chowdhury,Neha Dhupia,Drama            ,,
Begum Jaan,5.5,Srijit Mukherji,Amitabh Bachchan,Pallavi Sharda,Vidya Balan,Naseeruddin Shah,Action,Drama,History            
When Obama Loved Osama,5.5,Sudhish Kumar Sharma,Amrita Acharya,Kimti Anand,Rahul Avana,Mohit Baghel,Comedy            ,,
X: Past Is Present,5.5,Hemant Gaba,Pratim D. Gupta,Sudhish Kamath,Nalan Kumarasamy,Anu Menon,Drama,Mystery,Romance            
War Chod Na Yaar,5.5,Faraz Haider,Sharman Joshi,Soha Ali Khan,Javed Jaffrey,Sanjay Mishra,Comedy,War            ,
Ek Ladki Ko Dekha Toh Aisa Laga,5.5,Shelly Chopra Dhar,Sonam Kapoor,Anil Kapoor,Rajkummar Rao,Juhi Chawla,Comedy,Drama,Romance            
Hawaizaada,5.5,Vibhu Puri,Naman Jain,Mithun Chakraborty,Kanishka Singh Deo,Krutika Deo,Biography,Drama            ,
Shaapit: The Cursed,5.5,Vikram Bhatt,Aditya Narayan,Shweta Agarwal,Shubh Joshi,Natasha Sinha,Adventure,Horror,Romance            
Poster Boys,5.5,Shreyas Talpade,Sunny Deol,Bobby Deol,Shreyas Talpade,Randheer Rai,Comedy            ,,
Payback,5.5,Sachin P. Karande,Gulshan Grover,Munish Khan,Zakir Hussain,Mukesh Tiwari,Action,Crime,Drama            
Kaashi in Search of Ganga,5.5,Dhiraj Kumar,Aishwarya Devan,Kranti Prakash Jha,Manoj Joshi,Sharman Joshi,Thriller            ,,
Fuddu,5.5,Sunil Subramani,Shubham,Swati Kapoor,Uday Tikekar,Shalini Arora,Comedy,Drama            ,
Bang Bang,5.5,Siddharth Anand,Hrithik Roshan,Katrina Kaif,Pavan Malhotra,Danny Denzongpa,Action,Adventure,Comedy            
?: A Question Mark,5.5,Allyson Patel,Yash Dave,Kiran Bhatia,Yaman Chatwal,Maanvi Gagroo,Horror,Mystery,Thriller            
Tutak Tutak Tutiya,5.4,A.L. Vijay,RJ Balaji,Tamannaah Bhatia,Prabhu Deva,Karishma Gulati,Comedy,Horror            ,
London Dreams,5.4,Vipul Amrutlal Shah,Salman Khan,Ajay Devgn,Om Puri,Varun Sharma,Drama,Music            ,
Bharat,5.4,Ali Abbas Zafar,Salman Khan,Katrina Kaif,Sunil Grover,Tabu,Action,Drama            ,
Shakal Pe Mat Ja,5.4,Shubh,Shubh,Pratik Katare,Harsh Parekh,Chitrak Bandyopadhyay,Comedy,Crime,Drama            
Happy Ending,5.4,Krishna D.K.,Raj Nidimoru,Saif Ali Khan,Ileana D'Cruz,Kalki Koechlin,Comedy,Romance            ,
Wedding Anniversary,5.4,Shekhar S. Jha,Nana Patekar,Mahie Gill,Priyanshu Chatterjee,Asma Badar,Drama            ,,
Student of the Year,5.4,Karan Johar,Alia Bhatt,Sidharth Malhotra,Varun Dhawan,Rishi Kapoor,Comedy,Drama,Romance            
Sorry Daddy,5.4,Vijay Pal,Shamim Khan,Mukesh Tiwari,Tinnu Verma,,Action            ,,
3 AM: A Paranormal Experience,5.4,Vishal Mahadkar,Salil Acharya,Kavin Dave,Anindita Nayar,Rannvijay Singh,Horror,Romance            ,
Jo Hum Chahein,5.4,Pawan Gill,Sunny Gill,Simran Kaur Mundi,Alyy Khan,Achint Kaur,Drama,Romance            ,
Jai Jawaan Jai Kisaan,5.4,Milann Ajmera,Rati Agnihotri,Kanchan Awasthi,Rishi Bhutani,Prem Chopra,Biography,Drama,History            
Mumbhai Connection,5.4,Atlanta Nagendra,Alieesa P Badresia,Rafiq Batcha,Chrissy Chambers,Cru Jones,Comedy,Crime,Thriller            
Nishabd,5.4,Ram Gopal Varma,Amitabh Bachchan,Jiah Khan,Revathy,Nassar,Drama            ,,
FryDay,5.4,Abhishek Dogra,Govinda,Varun Sharma,Sanjay Mishra,Rajesh Sharma,Comedy            ,,
Chashme Baddoor,5.4,David Dhawan,Ali Zafar,Siddharth,Divyendu Sharma,Taapsee Pannu,Comedy,Drama            ,
Kisaan,5.4,Puneet Sira,Jackie Shroff,Sohail Khan,Arbaaz Khan,Nauheed Cyrusi,Action,Crime,Drama            
Laaga Chunari Mein Daag: Journey of a Woman,5.3,Pradeep Sarkar,Rani Mukerji,Jaya Bhaduri,Konkona Sen Sharma,Kunal Kapoor,Drama,Family,Romance            
Jayantabhai Ki Luv Story,5.3,Vinnil Markan,Vivek Oberoi,Neha Sharma,Rahul Singh,Nikhil Ratnaparkhi,Action,Comedy,Romance            
Bhoomi,5.3,Omung Kumar,Sunny Leone,Sanjay Dutt,Aditi Rao Hydari,Sharad Kelkar,Action,Drama            ,
Hate Story,5.3,Vivek Agnihotri,Nikhil Dwivedi,Gulshan Devaiah,Paoli Dam,Mohan Kapoor,Drama,Thriller            ,
Junglee,5.3,Chuck Russell,Vidyut Jammwal,Lars Kjeldsen,Asha Bhat,Vishwanath Chatterjee,Action,Adventure            ,
Sabki Bajegi Band,5.3,Anirudh Chawla,Swara Bhaskar,Shaurya Chauhan,Jhanvi Desai,Nisha Lalwani,Comedy,Drama            ,
Ek Vivaah... Aisa Bhi,5.3,Kaushik Ghatak,Isha Koppikar,Sonu Sood,Anand Abhyankar,Daman Baggan,Drama,Romance            ,
Phhir,5.3,Girish Dhamija,Rajniesh Duggall,Roshni Chopra,Monica,Adah Sharma,Drama,Mystery,Romance            
Life Is Beautiful,5.3,Manoj Amarnani,Manoj Amarnani,Nancy Brunetta,Anokhi Dalvi,Parth Naik,Comedy,Romance            ,
High Jack,5.3,Akarsh Khurana,Sumeet Vyas,Mantra Mugdh,Sonnalli Seygall,Boloram Das,Comedy            ,,
Lucky Kabootar,5.3,Shammi Chhabra,Arvinder Bhatti,Shradha Das,Rimple Dhindsa,Rose J. Kaur,Comedy            ,,
Heropanti,5.3,Sabir Khan,Tiger Shroff,Kriti Sanon,Parthaa Akerkar,Anuradha Chandan,Action,Romance            ,
Bajatey Raho,5.3,Shashant Shah,Tusshar Kapoor,Vinay Pathak,Ranvir Shorey,Dolly Ahluwalia,Comedy,Drama,Thriller            
Love Exchange,5.3,Raj Shetty,Mohit Madaan,Jyoti Sharma,Shama Deshpande,Prerna Gupta,Romance            ,,
Saawariya,5.3,Sanjay Leela Bhansali,Ranbir Kapoor,Sonam Kapoor,Salman Khan,Rani Mukerji,Drama,Musical,Romance            
Mere Baap Pehle Aap,5.3,Priyadarshan,Paresh Rawal,Akshaye Khanna,Genelia D'Souza,Om Puri,Comedy,Drama,Romance            
It's a Wonderful Afterlife,5.3,Gurinder Chadha,Sanjeev Bhaskar,Steve Morphew,Steve Jones,Jamie Sives,Comedy,Drama,Fantasy            
Luv U Alia,5.3,Indrajit Lankesh,V. Ravichandran,Chandan Kumar,Sudeep,P. Ravi Shankar,Family,Romance            ,
Naqaab,5.3,Abbas Alibhai Burmawalla,Mastan Alibhai Burmawalla,Bobby Deol,Akshaye Khanna,Urvashi Sharma,Crime,Drama,Romance            
De Dana Dan,5.3,Priyadarshan,Akshay Kumar,Sunil Shetty,Katrina Kaif,Sameera Reddy,Comedy,Crime            ,
Crazy Cukkad Family,5.3,Ritesh Menon,Swanand Kirkire,Shilpa Shukla,Kushal Punjabi,Siddharth Sharma,Comedy            ,,
Toh Baat Pakki!,5.2,Kedar Shinde,Tabu,Sharman Joshi,Yuvika Chaudhry,Vatsal Sheth,Comedy,Drama            ,
Kismat Konnection,5.2,Aziz Mirza,Shahid Kapoor,Vidya Balan,Vishal Malhotra,Om Puri,Comedy,Drama,Romance            
Mirza Juuliet,5.2,Rajesh Ram Singh,Darshan Kumaar,Piaa Bajpai,Priyanshu Chatterjee,Swanand Kirkire,Drama            ,,
Mona_Darling,5.2,Shashi Sudigala,Anshuman Jha,Divya Menon,Suzanna Mukherjee,Sanjay Suri,Horror,Thriller            ,
Lafangey Parindey,5.2,Pradeep Sarkar,Neil Nitin Mukesh,Deepika Padukone,Vijay Adhav,Manish Chaudhary,Action,Drama,Romance            
Overtime,5.2,Ajay Yadav,Frank M. Ahearn,Ramnita Chaudhry,Preeti Chauhan,Divya Dutta,Drama            ,,
Rangrezz,5.2,Priyadarshan,Jackky Bhagnani,Priya Anand,Rajpal Yadav,Amitosh Nagpal,Action,Drama            ,
Roadside Romeo,5.2,Jugal Hansraj,Saif Ali Khan,Kareena Kapoor,Javed Jaffrey,Vrajesh Hirjee,Animation,Adventure,Comedy            
Heartless,5.2,Shekhar Suman,Adhyayan Suman,Ariana Ayam,Deepti Naval,Om Puri,Drama,Family,Romance            
R... Rajkumar,5.2,Prabhu Deva,Shahid Kapoor,Sonakshi Sinha,Sonu Sood,Ashish Vidyarthi,Action            ,,
Masti Express,5.2,Vikram Pradhan,Rajpal Yadav,Johnny Lever,Divya Dutta,Jaikumar Banotia,Adventure,Comedy,Drama            
One Two Three,5.2,Ashwani Dhir,Tusshar Kapoor,Sunil Shetty,Paresh Rawal,Esha Deol,Comedy,Crime            ,
Main Tera Hero,5.2,David Dhawan,Varun Dhawan,Ileana D'Cruz,Nargis Fakhri,Arunoday Singh,Action,Comedy,Romance            
Break Ke Baad,5.2,Danish Aslam,Deepika Padukone,Imran Khan,Lillete Dubey,Sharmila Tagore,Comedy,Drama,Romance            
Main Aur Mr. Riight,5.2,Adeeb Rais,Barun Sobti,Shenaz Treasury,Kavi Shastri,Danny Sura,Comedy,Romance            ,
Turning 30!!!,5.2,Alankrita Shrivastava,Gul Panag,Purab Kohli,Sid Makkar,Jeneva Talwar,Comedy,Drama,Romance            
Fox,5.2,Deepak Tijori,Arjun Rampal,Sunny Deol,Udita Goswami,Sagarika Ghatge,Crime,Drama,Mystery            
Note Pe Chot at 8-11,5.2,Imran Khan,Manoj Bakshi,Priya Choudhury,Disha Sachdeva,Inderpal Singh,Comedy            ,,
Jhootha Kahin Ka,5.2,Smeep Kang,Rishi Kapoor,Jimmy Sheirgill,Sunny Singh Nijjar,Omkar Kapoor,Comedy            ,,
Jaanisaar,5.2,Muzaffar Ali,Imran Abbas,Pernia Qureshi,Muzaffar Ali,Dalip Tahil,Drama,Romance            ,
Milan Talkies,5.2,Tigmanshu Dhulia,Ali Fazal,Ashutosh Rana,Tigmanshu Dhulia,Sanjay Mishra,Drama            ,,
Life Partner,5.2,Rumi Jaffery,Govinda,Fardeen Khan,Tusshar Kapoor,Genelia D'Souza,Comedy,Drama,Romance            
5 Ghantey Mien 5 Crore,5.2,Faisal Saif,Nassar Abdulla,Shawar Ali,Rashid Khan,Sameer Khan,Thriller            ,,
Baabarr,5.2,Ashu Trikha,Mithun Chakraborty,Om Puri,Sohum Shah,Urvashi Sharma,Action,Crime,Drama            
Dear Maya,5.2,Sunaina Bhatnagar,Manisha Koirala,Madiha Imam,Shreya Chaudhary,Sahiba Bali,Drama,Romance            ,
Boss,5.1,Anthony D'Souza,Akshay Kumar,Shiv Panditt,Mithun Chakraborty,Ronit Roy,Action            ,,
Salaam-E-Ishq,5.1,Nikkhil Advani,Salman Khan,Priyanka Chopra,Anil Kapoor,Juhi Chawla,Comedy,Drama,Musical            
Aao Wish Karein,5.1,Glen Barreto,Aftab Shivdasani,Aamna Sharif,Rati Agnihotri,Tiku Talsania,Comedy,Family,Fantasy            
Hostel,5.1,Manish Gupta,Vatsal Sheth,Tulip Joshi,Mukesh Tiwari,Nagesh Bhonsle,Action,Crime,Drama            
Bumper Draw,5.1,Irshad Khan,Seema Azmi,Narendra Bedi,Reena Charnya,Bomie E. Dotiwala,Comedy            ,,
Sanam Teri Kasam,5.1,Lawrence D'Souza,Saif Ali Khan,Atul Agnihotri,Pooja Bhatt,Sheeba,Action,Drama,Romance            
Thackeray,5.1,Abhijit Panse,Nawazuddin Siddiqui,Amrita Rao,Radha Sagar,Sanjay Narvekar,Biography,Drama            ,
Yeh Dooriyan,5.1,Deepshika Nagpal,Deepshika Nagpal,Inder Kumar,Delnaaz Irani,Chitrashi Rawat,Drama,Romance            ,
Daas Dev,5.1,Sudhir Mishra,Yogesh Raj Mishra,Rahul Bhat,Richa Chadha,Anil George,Drama,Thriller            ,
Aagey Se Right,5.1,Indrajit Nattoji,Shreyas Talpade,Mahie Gill,Karan Veer Mehra,Kay Kay Menon,Comedy,Crime,Drama            
Game,5.1,Abhinay Deo,Abhishek Bachchan,Kangana Ranaut,Anupam Kher,Boman Irani,Action,Crime,Drama            
Golmaal Returns,5.1,Rohit Shetty,Ajay Devgn,Kareena Kapoor,Arshad Warsi,Tusshar Kapoor,Comedy,Crime            ,
What the Fish,5.1,Gurmmeet Singh,Manu Rishi Chadha,Naresh Gosain,Dimple Kapadia,Deepti Pujari,Adventure,Comedy,Drama            
Warrior Savitri,5.0,Param Gill,Niharica Raizada,Rajat Barmecha,Lucy Pinder,Tim Man,Action,Thriller            ,
Fredrick,5.0,Rajesh Butalia,Avinash Dhyani,Prashant Narayanan,Tulna Butalia,Anna Ador,Action,Thriller            ,
Strangers,5.0,Aanand L. Rai,Jimmy Sheirgill,Kay Kay Menon,Sonali Kulkarni,Nandana Sen,Drama,Romance,Thriller            
Gori Tere Pyaar Mein!,5.0,Punit Malhotra,Imran Khan,Kareena Kapoor,Nizhalgal Ravi,Anupam Kher,Comedy,Drama,Romance            
Bullett Raja,5.0,Tigmanshu Dhulia,Saif Ali Khan,Sonakshi Sinha,Vidyut Jammwal,Jimmy Sheirgill,Action,Crime,Drama            
Ek Haseena Thi Ek Deewana Tha,5.0,Suneel Darshan,Shiv Darshan,Natasha Fernandez,Upen Patel,Lalit Tiwari,Drama            ,,
Jack & Dil,5.0,Sachin P. Karande,Amit Sadh,Arbaaz Khan,Sonal Chauhan,Evelyn Sharma,Comedy,Family            ,
Mumbai Salsa,5.0,Manoj Tyagi,Linda Arsenio,Shaurya Chauhan,Alisha Chinai,Vir Das,Comedy,Drama            ,
Not a Love Story,5.0,Ram Gopal Varma,Deepak Dobriyal,Mahie Gill,Zakir Hussain,Darshan Jariwala,Crime,Drama,Thriller            
Acid Factory,5.0,Suparn Verma,Fardeen Khan,Dia Mirza,Manoj Bajpayee,Aftab Shivdasani,Action,Crime,Mystery            
Baaghi 2,5.0,Ahmed Khan,Tiger Shroff,Disha Patani,Manoj Bajpayee,Randeep Hooda,Action,Thriller            ,
Banjo,5.0,Ravi Jadhav,Riteish Deshmukh,Nargis Fakhri,Aditya Kumar,Ram Menon,Action,Drama,Music            
Kuchh Kariye,5.0,Jagbir Dahiya,Abhay Bhargav,Suresh Chatwal,Dinesh Hingoo,Ahmed Khan,Adventure,Drama,Music            
Rock On 2,5.0,Shujaat Saudagar,Farhan Akhtar,Shraddha Kapoor,Arjun Rampal,Purab Kohli,Drama,Music            ,
Aa Dekhen Zara,5.0,Jehangir Surti,Neil Nitin Mukesh,Bipasha Basu,Sophiya Chaudhary,Rahul Dev,Action,Sci-Fi,Thriller            
Bazaar E Husn,5.0,Ajay Mehra,Ahmed Faisal Inam,Reshmi Ghosh,Jeet Goswami,Om Puri,Drama            ,,
Love Kaa Taddka,5.0,Rajan Waghdhare,Ahmed Faisal Inam,Sammir Dattani,Nauheed Cyrusi,Bhakhatyar Irani,Comedy,Drama            ,
Tum Mile,4.9,Kunal Deshmukh,Emraan Hashmi,Soha Ali Khan,Mantra,Prerna Chawla,Drama,Romance            ,
Freaky Ali,4.9,Sohail Khan,Nawazuddin Siddiqui,Arbaaz Khan,Amy Jackson,Asif Basra,Comedy,Sport            ,
Uvaa,4.9,Jasbir Bhaati,Mohit Baghel,Sheena Bajaj,Manish Chaudhary,Lavin Gothi,Comedy,Drama            ,
Lekar Hum Deewana Dil,4.9,Arif Ali,Armaan Jain,Deeksha Seth,Varun Badola,Nishikant Dixit,Comedy,Romance            ,
Ragini MMS,4.9,Pawan Kripalani,Kainaz Motivala,Rajkummar Rao,Rajat Kaul,Janice,Drama,Horror,Mystery            
Warning,4.9,Gurmmeet Singh,Santosh Barmola,Jitin Gulati,Sumit Suri,Suzana Rodrigues,Adventure,Thriller            ,
Anna,4.9,Shashank Udapurkar,Shashank Udapurkar,Tanishaa Mukerji,Govind Namdeo,Rajit Kapoor,Biography            ,,
Don Muthu Swami,4.9,Ashim S. Samanta,Mithun Chakraborty,Ali Asgar,Arun Bakshi,Rakesh Bedi,Comedy,Drama            ,
Daddy Cool,4.9,Aashiq Abu,Mammootty,Ashish Vidyarthi,Lena,Richa Pallod,Drama            ,,
Maximum,4.9,Kabeer Kaushik,Sonu Sood,Naseeruddin Shah,Neha Dhupia,Vinay Pathak,Action,Crime,Drama            
Get Educated: Paathshaala,4.9,Milind Ukey,Nana Patekar,Shahid Kapoor,Ayesha Takia,Sushant Singh,Drama,Family            ,
Darr @ the Mall,4.9,Pawan Kripalani,Jimmy Sheirgill,Nushrat Bharucha,Arif Zakaria,Vikram Raj Bhardwaj,Horror,Thriller            ,
Shahrukh Bola 'Khoobsurat Hai Tu'... And She Believed in It,4.9,Makrand Deshpande,Suzanne Bernert,Nagesh Bhonsle,Pritika Chawla,Sanjay Dadheech,Comedy,Drama            ,
Four Pillars of Basement,4.9,Giresh Naik,Shawar Ali,Ravi Gadariya,Zakir Husain,Anant Jao,Action,Mystery,Thriller            
Murder 3,4.9,Vishesh Bhatt,Randeep Hooda,Aditi Rao Hydari,Sara Loren,Rajesh Shringarpore,Drama,Mystery,Thriller            
Jigariyaa,4.9,Raj Purohit,Harshvardhan Deo,Cherry Mardia,Deepak Chadha,Sorabh Chauhan,Drama            ,,
Dhan Dhana Dhan Goal,4.9,Vivek Agnihotri,John Abraham,Arshad Warsi,Bipasha Basu,Boman Irani,Drama,Sport            ,
Yamla Pagla Deewana Phir Se...,4.8,Navaniat Singh,Dharmendra,Sunny Deol,Bobby Deol,Kriti Kharbanda,Action,Comedy            ,
Ek: The Power of One,4.8,Sangeeth Sivan,Bobby Deol,Shriya Saran,Kulbhushan Kharbanda,Sachin Khedekar,Action,Drama,Thriller            
1920: Evil Returns,4.8,Bhushan Patel,Vicky Ahuja,Tia Bajpai,Irma J√§mhammar,Sharad Kelkar,Drama,Horror,Romance            
Luck,4.8,Soham Shah,Mithun Chakraborty,Sanjay Dutt,Imran Khan,Ravi Kishan,Action,Adventure,Drama            
Tum Bin 2,4.8,Anubhav Sinha,Neha Sharma,Aditya Seal,Aashim Gulati,Mouni Roy,Drama,Romance            ,
Mittal v/s Mittal,4.8,Karan Razdan,Hazel Croney,Gulshan Grover,Iravati Harshe,Suchitra Krishnamoorthi,Drama            ,,
Mastram,4.8,Akhilesh Jaiswal,Rahul Bagga,Tara-Alisha Berry,Aakash Dahiya,Istiyak Khan,Biography,Drama            ,
Thoda Pyaar Thoda Magic,4.8,Kunal Kohli,Saif Ali Khan,Rani Mukerji,Rishi Kapoor,Akshat Chopra,Comedy,Drama,Family            
Titoo MBA,4.8,Amit Singh,Vats Amit,Nishant Dahiya,Pragya Jaiswal,Nandini Singh,Comedy,Romance            ,
Nawabzaade,4.7,Jayesh Pradhan,Dharmesh Yelande,Punit Pathak,Raghav Juyal,Isha Rikhi,Comedy,Romance            ,
Idiot Box,4.7,Sunanda Mitra,Sushant Singh,Hrishitaa Bhatt,Milind Gunaji,Upasna Singh,Comedy,Drama            ,
Bheja Fry 2,4.7,Sagar Ballary,Vinay Pathak,Kay Kay Menon,Minissha Lamba,Rukhsar Rehman,Comedy,Drama            ,
Dhara 302,4.7,Jitendra Singh Naruka,Dipti Dhotre,Dipti,Pradeep Kabra,Rufy Khan,Drama            ,,
Guddu Ki Gun,4.7,Sheershak Anand,Shantanu Ray Chhibber,Kunal Khemu,Payel Sarkar,Aparna Sharma,Comedy            ,,
Chance Pe Dance,4.7,Ken Ghosh,Shahid Kapoor,Genelia D'Souza,Mohnish Bahl,Satish Shah,Comedy,Drama,Musical            
Badlapur Boys,4.7,Shailesh Verma,Annu Kapoor,Anupam Maanav,Saranya Mohan,Nishan,Drama            ,,
Prakash Electronic,4.7,Manoj Sharma,Hrishitaa Bhatt,Vrajesh Hirjee,Manoj Joshi,Sanjay Mishra,Comedy            ,,
Khandaani Shafakhana,4.7,Shilpi Dasgupta,Sonakshi Sinha,Badshah,Varun Sharma,Priyansh Jora,Comedy,Drama            ,
Super Nani,4.7,Indra Kumar,Rekha,Sharman Joshi,Randhir Kapoor,Anupam Kher,Comedy,Drama,Family            
Zindagi Tere Naam,4.7,Ashu Trikha,Mithun Chakraborty,Ranjeeta Kaur,Priyanka Mehta,Ashish Sharma,Romance            ,,
Chhodon Naa Yaar,4.7,Dilip Sood,Jimmy Sheirgill,Kim Sharma,Farid Amiri,Kabir Sadanand,Thriller            ,,
Sadiyaan: Boundaries Divide... Love Unites,4.6,Raj Kanwar,Rekha,Hema Malini,Javed Sheikh,Avtar Gill,Drama,Romance            ,
Kidnap,4.6,Sanjay Gadhvi,Sanjay Dutt,Imran Khan,Minissha Lamba,Vidya Malvade,Action,Crime,Drama            
Aladin,4.6,Sujoy Ghosh,Amitabh Bachchan,Sanjay Dutt,Riteish Deshmukh,Jacqueline Fernandez,Action,Adventure,Fantasy            
Marega Salaa,4.6,Devang Dholakia,Jimmy Sheirgill,Kim Sharma,Hrishitaa Bhatt,Rahul Handa,Crime,Drama,Mystery            
Charlie Kay Chakkar Mein,4.6,Manish Srivastav,Naseeruddin Shah,Nishant Lal,Disha Arora,Amit Sial,Thriller            ,,
Badmashiyaan,4.6,Amit Khanna,Sidhant Gupta,Suzanna Mukherjee,Gunjan Malhotra,Sharib Hashmi,Comedy,Romance            ,
Qasam Se Qasam Se,4.6,Ashfaque Makrani,Faith,Farhan,Satish Kaushik,Sandeep Kochar,Romance            ,,
Chal Chala Chal,4.6,Rajeev Kumar,Asrani,Asif Basra,Govinda,Manoj Joshi,Action,Comedy,Crime            
Ishq Junoon: The Heat is On,4.6,Sanjay Sharma,Divya Singh,Rajbeer Singh,Raj Aryan,Reshad Delawar Khan,Romance,Thriller            ,
Tamanchey: Pyar Mein Dil Pe Maar De Goli,4.6,Navneet Behal,Nikhil Dwivedi,Richa Chadha,Damandeep Singh,Vijay Pande,Crime,Romance            ,
A Flat,4.6,Hemant Madhukar,Jimmy Sheirgill,Sanjay Suri,Hazel Croney,Kaveri Jha,Drama,Horror,Romance            
Genius,4.6,Anil Sharma,Utkarsh Sharma,Ishita Chauhan,Mithun Chakraborty,Ayesha Jhulka,Action,Thriller            ,
Once Upon a Time in Mumbai Dobaara!,4.6,Milan Luthria,Akshay Kumar,Imran Khan,Sonakshi Sinha,Sonali Bendre,Action,Crime,Drama            
Happy Phirr Bhag Jayegi,4.6,Mudassar Aziz,Sonakshi Sinha,Diana Penty,Jimmy Sheirgill,Ali Fazal,Comedy            ,,
Mirzya,4.6,Rakeysh Omprakash Mehra,Harshvardhan Kapoor,Saiyami Kher,Art Malik,Anuj Choudhry,Action,Adventure,Drama            
What's Your Raashee?,4.6,Ashutosh Gowariker,Harman Baweja,Priyanka Chopra,Anjan Srivastav,Manju Singh,Comedy,Drama,Romance            
"I, Me aur Main",4.6,Kapil Sharma,John Abraham,Chitrangda Singh,Prachi Desai,Zarina Wahab,Comedy,Drama,Musical            
Pal Pal Dil Ke Paas,4.6,Sunny Deol,Karan Deol,Sahher Bambba,Simone Singh,Sachin Khedekar,Action,Drama,Romance            
Revolver Rani,4.6,Sai Kabir,Kangana Ranaut,Vir Das,Zakir Hussain,Jami Jafry,Action,Comedy,Crime            
Cigarette Ki Tarah,4.5,Akashaditya Lama,Ashok Banthia,Sudesh Berry,Yuvika Chaudhry,Prashant Narayanan,Romance,Thriller            ,
Muskurake Dekh Zara,4.5,P. Som Shekar,Mukesh Bhatt,Rajshree Choudhary,Arijit Sen Gupta,Om Katare,Comedy,Horror,Romance            
Chor Bazaari,4.5,Rajiv S. Ruia,Asrani,Kurush Deboo,Manoj Joshi,Ankkit Narrayan,Comedy            ,,
Mere Genie Uncle,4.5,Ashish Bhavsar,Yash Acharya,Navina Bole,Hetvi Charla,Pankaj Kalra,Comedy            ,,
Hate Story 3,4.5,Vishal Pandya,Sharman Joshi,Karan Singh Grover,Zareen Khan,Daisy Shah,Drama,Thriller            ,
My Friend Ganesha 3,4.5,Rajiv S. Ruia,Rahul Pendkalkar,Baba Sehgal,Makarand Anaspure,Eva Grover,Animation,Action,Comedy            
Ebn-e-Batuta,4.5,Varun Middha,Omkar Das Manikpuri,Rajeev Verma,Dev Gohar,Satya Khare,Sci-Fi            ,,
Dil Bole Hadippa!,4.5,Anurag Singh,Shahid Kapoor,Rani Mukerji,Anupam Kher,Dalip Tahil,Comedy,Drama,Sport            
India's Most Wanted,4.4,Raj Kumar Gupta,Arjun Kapoor,Sudev Nair,Rajesh Sharma,Prasanth,Action,Thriller            ,
Delhii Heights,4.4,R. Anand Kumar,Jimmy Sheirgill,Neha Dhupia,Kamini Khanna,Madhavan,Drama,Romance            ,
Aazaan,4.4,Prashant Chadha,Sachiin Joshi,Candice Boucher,Arya Babbar,Samy Gharbi,Action,Drama,Mystery            
LoveShhuda,4.4,Vaibhav Misra,Girish Taurani,Navneet Kaur Dhillon,Tisca Chopra,Naveen Kasturia,Comedy,Romance            ,
Jaane kyun de yaaron,4.4,Akshay Anand,Akshay Anand,Kabir Bedi,Hitesh Bhardwaj,Abhay Bhargav,Drama            ,,
Issaq,4.4,Manish Tiwary,Prateik,Amyra Dastur,Ravi Kishan,Prashant Narayanan,Drama,Romance            ,
Love Games,4.3,Vikram Bhatt,Patralekhaa Paul,Tara-Alisha Berry,Gaurav Arora,Hiten Tejwani,Thriller            ,,
Yea Toh Two Much Ho Gayaa,4.3,Anwer Khan,Jimmy Sheirgill,Pooja Chopra,Arbaaz Khan,Bruna Abdullah,Action,Comedy,Drama            
Jabariya Jodi,4.3,Prashant Singh,Sidharth Malhotra,Parineeti Chopra,Javed Jaffrey,Sanjay Mishra,Action,Comedy,Drama            
Tere Bin Laden: Dead Or Alive,4.3,Abhishek Sharma,Manish Paul,Pradhuman Singh,Sikander Kher,Parthaa Akerkar,Comedy            ,,
Saheb Biwi Aur Gangster 3,4.3,Tigmanshu Dhulia,Sanjay Dutt,Jimmy Sheirgill,Mahie Gill,Chitrangda Singh,Action,Crime,Drama            
Fraud Saiyyan,4.3,Sourabh Shrivastava,Arshad Warsi,Saurabh Shukla,Flora Saini,Sara Loren,Comedy,Drama            ,
Bombairiya,4.3,Pia Sukanya,Radhika Apte,Akshay Oberoi,Siddhanth Kapoor,Ravi Kishan,Comedy,Crime,Drama            
Total Dhamaal,4.3,Indra Kumar,Ajay Devgn,Madhuri Dixit,Anil Kapoor,Riteish Deshmukh,Action,Adventure,Comedy            
Karar: The Deal,4.3,Sabir,Mahek Chahal,Tarun Arora,Shashi Wadia,Jyoti Rana,Thriller            ,,
Sooper Se Ooper,4.3,Shekhar Ghosh,Tinnu Anand,Mahesh Balraj,Mithilesh Chaturvedi,Vir Das,Comedy            ,,
Welcome to Karachi,4.3,Ashish R. Mohan,Arshad Warsi,Jackky Bhagnani,Lauren Gottlieb,Kumud Pant,Action,Comedy,War            
Kushti,4.3,Rajeev Kumar,Rajpal Yadav,Nargis Bagheri,Om Puri,Sharat Saxena,Comedy            ,,
Missing on a Weekend,4.3,Abhishek Jawkar,Dishank Arora,Akash Bathija,Dibyendu Bhattacharya,Shiva Dagar,Thriller            ,,
Kill Dil,4.3,Shaad Ali,Ranveer Singh,Ali Zafar,Parineeti Chopra,Govinda,Action,Drama,Romance            
Grand Masti,4.3,Indra Kumar,Riteish Deshmukh,Vivek Oberoi,Aftab Shivdasani,Karishma Tanna,Comedy,Drama,Romance            
Married 2 America,4.3,Dilip Shankar,Archana Joglekar,Akhilendra Mishra,Chetan Pandit,Ashok Samarth,Thriller            ,,
Rokkk,4.3,Rajesh Ranshinge,Tanushree Dutta,Udita Goswami,Shaad Randhawa,Sachin Khedekar,Drama,Horror,Mystery            
Krazzy 4,4.2,Jaideep Sen,Juhi Chawla,Irrfan Khan,Arshad Warsi,Rajpal Yadav,Comedy,Crime,Drama            
Raqeeb,4.2,Anurag Singh,Rahul Khanna,Sharman Joshi,Tanushree Dutta,Jimmy Sheirgill,Crime,Drama,Mystery            
1921,4.2,Vikram Bhatt,Zareen Khan,Karan Kundrra,Vikram Bhatt,Angela Krislinzki,Horror,Mystery,Romance            
Desi Kattey,4.2,Anand Kumar,Sasha Aagha,Tia Bajpai,Rajesh Bakshi,Jay Bhanushali,Action            ,,
Paying Guests,4.2,Paritosh Painter,Shreyas Talpade,Javed Jaffrey,Aashish Chaudhary,Vatsal Sheth,Comedy,Drama            ,
Junooniyat,4.2,Vivek Agnihotri,Pulkit Samrat,Yami Gautam,Gulshan Devaiah,Hrishitaa Bhatt,Drama,Romance            ,
Dulha Mil Gaya,4.2,Mudassar Aziz,Sushmita Sen,Fardeen Khan,Ishita Sharma,Shah Rukh Khan,Comedy,Drama,Romance            
Mr. Singh/Mrs. Mehta,4.2,Pravesh Bhardwaj,Prashant Narayanan,Aruna Shields,Naved Aslam,Lucy Hassan,Drama            ,,
Trapped in Tradition: Rivaaz,4.2,Ashok Nanda,Deepti Naval,Vijay Raaz,Meghna Naidu,Saadhika Randhawa,Crime,Drama,Thriller            
No Problem,4.2,Anees Bazmee,Sanjay Dutt,Kangana Ranaut,Anil Kapoor,Sunil Shetty,Action,Comedy,Crime            
Khuda Kasam,4.2,K.C. Bokadia,Sunny Deol,Tabu,Beena Banerjee,Farida Jalal,Action,Crime,Drama            
Ishqeria,4.2,Prerna Wadhawan,Manish Anand,Raj Babbar,Richa Chadha,Juby Devasia,Comedy,Romance            ,
Shirin Farhad Ki Toh Nikal Padi,4.2,Bela Segal,Freny Bhagat,Dinyar Contractor,Nauheed Cyrusi,Kavin Dave,Romance            ,,
Hattrick,4.2,Milan Luthria,Nana Patekar,Danny Denzongpa,Paresh Rawal,Kunal Kapoor,Comedy,Drama,Romance            
Yuvvraaj,4.1,Subhash Ghai,Salman Khan,Anil Kapoor,Zayed Khan,Mithun Chakraborty,Comedy,Drama,Romance            
Ajab Gazabb Love,4.1,Sanjay Gadhvi,Jackky Bhagnani,Nidhi Subbaiah,Darshan Jariwala,Kiron Kher,Comedy,Romance            ,
Kamaal Dhamaal Malamaal,4.1,Priyadarshan,Shreyas Talpade,Nyra Banerjee,Nana Patekar,Paresh Rawal,Comedy,Drama            ,
1920 London,4.1,Dharmendra Suresh Desai,Sharman Joshi,Meera Chopra,Vishal Karwal,Surendra Pal,Horror,Mystery            ,
Loveyatri: Akh Lad Jaave,4.1,Abhiraj Minawala,Badshah,Warina Hussain,Asees Kaur,Jubin Nautiyal,Short,Music            ,
Raabta,4.1,Dinesh Vijan,Deepika Padukone,Kriti Sanon,Rajkummar Rao,Sushant Singh Rajput,Action,Adventure,Drama            
Arjun Patiala,4.1,Rohit Jugraj,Diljit Dosanjh,Kriti Sanon,Varun Sharma,Ronit Roy,Action,Comedy            ,
Hide & Seek,4.1,Shawn Arranha,Purab Kohli,Arjan Bajwa,Mrinalini Sharma,Ayaz Khan,Drama,Horror,Thriller            
The Zoya Factor,4.1,Abhishek Sharma,Sonam Kapoor,Dulquer Salmaan,Sanjay Kapoor,Shoaib Ahmed,Comedy,Drama,Romance            
Thugs of Hindostan,4.0,Vijay Krishna Acharya,Amitabh Bachchan,Aamir Khan,Katrina Kaif,Fatima Sana Shaikh,Action,Adventure            ,
Direct Ishq,4.0,Rajiv S. Ruia,Rajniesh Duggall,Nidhi Subbaiah,Arjun Bijlani,Rajesh Shringarpure,Action,Comedy,Romance            
Chitkabrey,4.0,Suneet Arora,Ravi Kishan,Rahul Singh,Rajesh Shringarpore,Ssanjay Swaraaj,Drama,Mystery,Thriller            
Chandni Chowk to China,4.0,Nikkhil Advani,Akshay Kumar,Deepika Padukone,Chia-Hui Liu,Mithun Chakraborty,Action,Comedy            ,
De Taali,4.0,Eeshwar Nivas,Aftab Shivdasani,Ayesha Takia,Riteish Deshmukh,Rimi Sen,Comedy,Drama,Romance            
Policegiri,4.0,K.S. Ravikumar,Sanjay Dutt,Prachi Desai,Prakash Raj,Om Puri,Action,Comedy            ,
Always Kabhi Kabhi,4.0,Roshan Abbas,Lillete Dubey,Satyajeet Dubey,Ali Fazal,Manoj Joshi,Comedy,Crime,Drama            
Noor,4.0,Sunhil Sippy,Sunny Leone,Sonakshi Sinha,Purab Kohli,Manish Chaudhary,Comedy,Drama            ,
Chamku,4.0,Kabeer Kaushik,Bobby Deol,Priyanka Chopra,Irrfan Khan,Akhilendra Mishra,Action,Crime,Thriller            
Pankh,3.9,Sudipto Chattopadhyay,Bipasha Basu,Lillete Dubey,Mahesh Manjrekar,Ronit Roy,Drama            ,,
Rama Rama Kya Hai Dramaaa,3.9,Chandrakant Singh,Neha Dhupia,Amrita Arora,Anupam Kher,Rati Agnihotri,Comedy,Drama,Romance            
Laali Ki Shaadi Mein Laaddoo Deewana,3.9,Manish Harishankar,Gurmeet Choudhary,Bharat Dungrani,Akshara Haasan,Darshan Jariwala,Comedy,Drama,Musical            
Dangerous Ishhq,3.9,Vikram Bhatt,Karisma Kapoor,Rajniesh Duggall,Divya Dutta,Jimmy Sheirgill,Fantasy,Mystery,Romance            
Dongri Ka Raja,3.9,Hadi Abrar,Ronit Roy,Ashmit Patel,Gashmeer Mahajani,Reecha Sinha,Action,Drama,Romance            
Dobaara: See Your Evil,3.9,Prawaal Raman,Adil Hussain,Huma Qureshi,Madalina Bellariu Ion,Lisa Ray,Horror,Mystery            ,
Accident on Hill Road,3.9,Mahesh Nair,Farooq Shaikh,Celina Jaitly,Abhimanyu Singh,Rukhsar Rehman,Crime,Drama,Thriller            
Dil Juunglee,3.9,Aleya Sen,Taapsee Pannu,Saqib Saleem,Nidhi Singh,Srishti Shrivastava,Comedy,Romance            ,
Patel Ki Punjabi Shaadi,3.9,Sanjay Chhel,Rishi Kapoor,Paresh Rawal,Vir Das,Payal Ghosh,Comedy            ,,
Kaagaz Ke Fools,3.9,Anil Chaudhary,Vinay Pathak,Mugdha Godse,Raima Sen,Amit Behl,Comedy            ,,
Befikre,3.9,Aditya Chopra,Vaani Kapoor,Ranveer Singh,Elisa Bachir Bey,Akarsh Khurana,Comedy,Drama,Romance            
Balwinder Singh Famous Ho Gaya,3.8,Sunil Agnihotri,Asrani,Gabriela Bertante,Mikhill Chandiramani,Akram Khan,Comedy            ,,
Aasma: The Sky Is the Limit,3.8,Rohit Naiyar,Hrishitaa Bhatt,Seema Biswas,Nauheed Cyrusi,Mansi Dovhal,Drama            ,,
Ishq Forever,3.8,Sameer Sippy,Krishna Chaturvedi,Ruhi Singh,Javed Jaffrey,Lisa Ray,Romance            ,,
Darling,3.8,Ram Gopal Varma,Fardeen Khan,Esha Deol,Isha Koppikar,Mukesh Bhatt,Drama,Horror,Romance            
Ishkq in Paris,3.8,Prem Soni,Preity Zinta,Isabelle Adjani,Gaurav Chanana,Shekhar Kapur,Comedy,Romance            ,
Jaane Kahan Se Aayi Hai,3.8,Milap Zaveri,Priyanka Chopra,Akshay Kumar,Jacqueline Fernandez,Karan Johar,Comedy,Drama,Fantasy            
Yeh Hai Bakrapur,3.8,Janaki Vishwanathan,Anshuman Jha,Suruchi Aulakh,Asif Basra,Yoshika Verma,Comedy,Drama            ,
Kambakkht Ishq,3.8,Sabir Khan,Sylvester Stallone,Denise Richards,Whoopi Goldberg,Akshay Kumar,Action,Comedy,Romance            
Jashnn: The Music Within,3.8,Hasnain Hyderabadwala,Raksha Mistry,Adhyayan Suman,Shahana Goswami,Natasha Jain,Drama,Musical,Romance            
Aagaah: The Warning,3.8,Karan Razdan,Ila Arun,Anang Desai,Zakir Hussain,Satish Kaushik,Drama,Horror,Thriller            
Tashan,3.8,Vijay Krishna Acharya,Akshay Kumar,Saif Ali Khan,Kareena Kapoor,Anil Kapoor,Action,Drama,Romance            
Dassehra,3.8,Manish Vatssalya,Neil Nitin Mukesh,Tina Desai,Manish Vatssalya,Govind Namdev,Action,Thriller            ,
Nirdosh,3.8,Subroto Paul,Pradeep Rangwani,Ashmit Patel,Manjari Fadnnis,Manisha Kelkar,Drama,Mystery,Thriller            
Dunno Y Na Jaane Kyun...,3.7,Sanjay Sharma,Zeenat Aman,Kabir Bedi,Hazel Croney,Helen,Drama,Romance            ,
Blue,3.7,Anthony D'Souza,Akshay Kumar,Sanjay Dutt,Lara Dutta,Zayed Khan,Action,Adventure,Thriller            
Hum Tum Shabana,3.7,Sagar Ballary,Tusshar Kapoor,Shreyas Talpade,Minissha Lamba,Mantra,Comedy,Crime,Drama            
"Good Boy, Bad Boy",3.7,Ashwini Chaudhary,Tusshar Kapoor,Emraan Hashmi,Isha Sharvani,Tanushree Dutta,Comedy,Musical,Romance            
Victory,3.7,Ajit Pal Mangat,Harman Baweja,Allan Border,Mike Hussey,Simon Jones,Drama,Sport            ,
Aashiqui.in,3.7,Shankhadeep,Ishaan Manhaas,Dheeraj Miglani,Priti Gandwani,Shubhi Ahuja,Drama,Romance            ,
Phamous,3.7,Karan Butani,Jimmy Sheirgill,Shriya Saran,Kay Kay Menon,Pankaj Tripathi,Comedy,Crime,Drama            
Jhoom Barabar Jhoom,3.7,Shaad Ali,Abhishek Bachchan,Preity Zinta,Bobby Deol,Lara Dutta,Drama,Romance            ,
Aksar 2,3.7,Ananth Narayan Mahadevan,Zareen Khan,Gautam Rode,Lillete Dubey,Mukesh Hariawala,Crime,Drama,Mystery            
Besharam,3.6,Abhinav Kashyap,Ranbir Kapoor,Pallavi Sharda,Rishi Kapoor,Neetu Singh,Action,Comedy,Romance            
God Tussi Great Ho,3.6,Rumi Jaffery,Amitabh Bachchan,Salman Khan,Priyanka Chopra,Anupam Kher,Comedy,Drama,Fantasy            
I Love NY,3.6,Radhika Rao,Vinay Sapru,Sunny Deol,Kangana Ranaut,Prem Chopra,Comedy,Romance            ,
3G - A Killer Connection,3.6,Sheershak Anand,Shantanu Ray Chhibber,Neil Nitin Mukesh,Sonal Chauhan,Mrinalini Sharma,Horror,Sci-Fi,Thriller            
Happy Husbands,3.6,Jaiveer,Anay,Kurush Deboo,Mohit Ghai,Ahwaan,Comedy,Drama            ,
Main Aurr Mrs Khanna,3.6,Prem Soni,Salman Khan,Kareena Kapoor,Sohail Khan,Preity Zinta,Comedy,Drama,Romance            
Kalank,3.6,Abhishek Varman,Varun Dhawan,Alia Bhatt,Aditya Roy Kapoor,Madhuri Dixit,Drama,Romance            ,
Do Knot Disturb,3.6,David Dhawan,Govinda,Sushmita Sen,Riteish Deshmukh,Lara Dutta,Comedy,Drama            ,
Great Grand Masti,3.6,Indra Kumar,Urvashi Rautela,Riteish Deshmukh,Vivek Oberoi,Aftab Shivdasani,Comedy,Drama,Fantasy            
Click,3.5,Sangeeth Sivan,Shreyas Talpade,Sada,Sneha Ullal,Rehan Khan,Drama,Horror,Mystery            
Prem Kaa Game,3.5,Ashok Kheny,Arbaaz Khan,Madhuri Bhattacharya,Tara Sharma,Johnny Lever,Comedy,Drama            ,
Victoria No. 203: Diamonds Are Forever,3.5,Ananth Narayan Mahadevan,Anupam Kher,Om Puri,Jimmy Sheirgill,Soniya Mehra,Comedy,Crime,Mystery            
Meinu Ek Ladki Chaahiye,3.5,Abhishek Bindal,Puru Chibber,Reecha Sinha,Rashee Bindal,Raghuvir Yadav,Comedy,Crime,Drama            
Zila Ghaziabad,3.5,Anand Kumar,Vivek Oberoi,Sanjay Dutt,Arshad Warsi,Paresh Rawal,Action,Crime,Thriller            
Cabaret,3.5,Kaustav Narayan Niyogi,Akshay Anand,Richa Chadha,Gulshan Devaiah,Gulshan Grover,Drama,Musical,Thriller            
Lateef,3.5,Israr Ahmed,Nawazuddin Siddiqui,Kader Khan,Murli Sharma,Mukesh Tiwari,Action,Crime,Drama            
Jai Veeru: Friends Forever,3.5,Puneet Sira,Fardeen Khan,Kunal Khemu,Dia Mirza,Anjana Sukhani,Action,Adventure,Crime            
Mission Istaanbul: Darr Ke Aagey Jeet Hai!,3.4,Apoorva Lakhia,Vivek Oberoi,Zayed Khan,Shriya Saran,Shabbir Ahluwalia,Action,Adventure,Drama            
Apartment: Rent at Your Own Risk,3.4,Jag Mundhra,Rohit Roy,Tanushree Dutta,Neetu Chandra,Mushtaq Khan,Drama,Mystery,Thriller            
Teri Bhabhi Hai Pagle,3.4,Vinod Tiwari,Rajniesh Duggall,Nazia Hussain,Krishna Abhishek,Mukul Dev,Action,Comedy            ,
Cash,3.4,Anubhav Sinha,Ajay Devgn,Sunil Shetty,Zayed Khan,Riteish Deshmukh,Action,Crime,Thriller            
O Teri,3.4,Umesh Bist,Pulkit Samrat,Bilal Amrohi,Sarah-Jane Dias,Mandira Bedi,Comedy,Drama            ,
Shortkut - The Con Is On,3.4,Neeraj Vora,Sanjay Dutt,Anil Kapoor,Amrita Rao,Akshaye Khanna,Comedy,Drama            ,
Kaafila,3.4,Amitoj Mann,Sunny Deol,Sudesh Berry,Sana,Smeep Kang,Action            ,,
Hate Story IV,3.3,Vishal Pandya,Lee Byford,Urvashi Rautela,Gulshan Grover,Vaunisha Kapoor,Crime,Drama,Thriller            
Anamika: The Untold Story,3.3,Ananth Narayan Mahadevan,Dino Morea,Minissha Lamba,Koena Mitra,Gulshan Grover,Drama,Romance,Thriller            
Hey Bro,3.3,Ajay Chandhok,Ganesh Acharya,Maninder Singh,Nupur Sharma,Prem Chopra,Action,Comedy,Drama            
Fool N Final,3.3,Ahmed Khan,Shahid Kapoor,Ayesha Takia,Vivek Oberoi,Sunny Deol,Action,Comedy,Crime            
Hello,3.3,Atul Agnihotri,Sharman Joshi,Amrita Arora,Sohail Khan,Isha Koppikar,Drama,Romance            ,
Munna Michael,3.3,Sabir Khan,Tiger Shroff,Nidhhi Agerwal,Nawazuddin Siddiqui,Sahil Anand,Action,Drama,Music            
Ramaa: The Saviour,3.3,Hadi Abrar,Sahil Khan,Tanushree Dutta,Meghan Jadhav,Koushtuv Ghosh,Action,Adventure,Drama            
Red: The Dark Side,3.3,Vikram Bhatt,Aftab Shivdasani,Celina Jaitly,Amrita Arora,Amin Hajee,Drama,Romance,Thriller            
Neighbours,3.3,Shyam Ramsay,Sunny Singh,Hritu,Gavie Chahal,Arbaaz Ali Khan,Horror            ,,
PM Narendra Modi,3.3,Omung Kumar,Vivek Oberoi,Boman Irani,Darshan Kumaar,Barkha Bisht,Biography,Drama            ,
5 Weddings,3.3,Namrata Singh Gujral,Nargis Fakhri,Rajkummar Rao,Bo Derek,Candy Clark,Comedy,Drama,Romance            
A Flying Jatt,3.2,Remo D'Souza,Tiger Shroff,Jacqueline Fernandez,Nathan Jones,Kay Kay Menon,Action,Adventure,Comedy            
Kisse Pyaar Karoon?,3.2,Ajay Chandhok,Arshad Warsi,Aashish Chaudhary,Yash Tonk,Udita Goswami,Action,Comedy,Crime            
Kaalo,3.2,Wilson Louis,Aditya Srivastava,Swini Khara,Aditya Lakhia,Raj Arjun,Action,Drama,Horror            
Veere Di Wedding,3.2,Shashanka Ghosh,Kareena Kapoor,Sonam Kapoor,Swara Bhaskar,Sumeet Vyas,Comedy            ,,
Phoonk 2,3.2,Milind Gadagkar,Sudeep,Amruta Khanvilkar,Ahsaas Channa,Anu Ansari,Drama,Horror,Mystery            
Zanjeer,3.2,Apoorva Lakhia,Ram Charan,Priyanka Chopra,Sanjay Dutt,Prakash Raj,Action,Drama            ,
Maan Gaye Mughall-E-Azam,3.1,Sanjay Chhel,Mallika Sherawat,Rahul Bose,Paresh Rawal,Kay Kay Menon,Comedy,Crime,Drama            
Creature,3.1,Vikram Bhatt,Bipasha Basu,Imran Abbas,Mukul Dev,Deep Raj Rana,Action,Horror,Sci-Fi            
Rakhtbeej,3.1,Anil Ballani,Julia Datt,Tinnu Anand,Mansi Dovhal,Jeeva,Thriller            ,,
Lottery,3.1,Hemant Prabhu,Abhijeet,Abhijeet Sawant,Rucha Gujrati,Manisha Kelkar,Crime,Drama,Mystery            
Admissions Open,3.0,K.D. Satyam,Anupam Kher,Ashish Vidyarthi,Arshi,Ankur Khanna,Comedy,Drama            ,
"Karma, Confessions and Holi",3.0,Manish Gupta,Rati Agnihotri,Armin Amiri,Kulraaj Anand,Farah Bala,Drama            ,,
Fruit & Nut,3.0,Kunal Vijaykar,Atmaram Bhende,Cyrus Broacha,Anisha Hinduja,Boman Irani,Comedy,Crime,Drama            
Radio: Love on Air,3.0,Ishaan Trivedi,Himesh Reshammiya,Shenaz Treasury,Sonal Sehgal,Paresh Rawal,Drama,Musical,Romance            
Hisss,2.9,Jennifer Lynch,Mallika Sherawat,Irrfan Khan,Jeff Doucette,Divya Dutta,Comedy,Drama,Horror            
NH-8: Road to Nidhivan,2.9,Munindra,Auroshika Dey,Arjun Fauzdar,Swaroopa Ghosh,Ravneet Kaur,Horror            ,,
Rajdhani Express,2.9,Ashok Kohli,Jimmy Sheirgill,Ishrat Ali,Nishant Balgovind,Sayali Bhagat,Action,Drama,Thriller            
Speed,2.9,Vikram Bhatt,Urmila Matondkar,Sanjay Suri,Zayed Khan,Aftab Shivdasani,Action,Crime,Thriller            
Aa Gaya Hero,2.9,Dipankar Senapati,Govinda,Richa Sharma,Poonam Pandey,Sweta Sharma,Action            ,,
Go,2.8,Manish Srivastav,Gautam Gupta,Priyanka Kothari,Kay Kay Menon,Rajpal Yadav,Crime,Drama,Romance            
Money Hai Toh Honey Hai,2.8,Ganesh Acharya,Govinda,Manoj Bajpayee,Aftab Shivdasani,Upen Patel,Comedy,Drama            ,
Machhli Jal Ki Rani Hai,2.8,Debaloy Dey,Swara Bhaskar,Reema Debnath,Saurabh Dubey,Hritu,Horror            ,,
Mausam Ikrar Ke Do Pal Pyar Ke,2.8,Partho Ghosh,Mukesh J Bharti,Madalsa Sharma,Manju Bharti,Neelu Kohli,Drama            ,,
Veerey Ki Wedding,2.8,Ashu Trikha,Pulkit Samrat,Jimmy Sheirgill,Kriti Kharbanda,Satish Kaushik,Comedy,Romance            ,
Amavas,2.8,Bhushan Patel,Ali Asgar,Vivan Bhatena,Nargis Fakhri,Sachiin Joshi,Horror,Thriller            ,
Karle Pyaar Karle,2.8,Rajesh Pandey,Shiv Darshan,Hasleen Kaur,Aham Sharma,Rumi Khan,Action,Romance            ,
Valentine's Night,2.7,Baadal,Kirshan Kumar,Shikhi Gupta,Sunny Hinduja,Prabhat Kumar,Romance,Thriller            ,
Trump Card,2.7,Arshad Khan,Vikrum Kumar,Haidar Ali,Urvashi Chaudhary,Mansi Dovhal,Action,Drama,Mystery            
Mumbai 125 KM 3D,2.7,Hemant Madhukar,Karanvir Bohra,Vedita Pratap Singh,Veena Malik,Joe Debroy,Drama,Horror,Mystery            
Zindagi 50 50,2.7,Rajiv S. Ruia,Veena Malik,Riya Sen,Rajan Verma,Arya Babbar,Comedy,Drama            ,
Dirty Politics,2.6,K.C. Bokadia,Anupam Kher,Atul Kulkarni,Awadhesh Mishra,Govind Namdeo,Drama            ,,
Gandhi to Hitler,2.6,Rakesh Ranjan Kumar,Raghuvir Yadav,Neha Dhupia,Aman Verma,Nassar Abdulla,Drama,History,War            
Love Story 2050,2.6,Harry Baweja,Harman Baweja,Priyanka Chopra,Boman Irani,Archana Puran Singh,Action,Adventure,Drama            
Tees Maar Khan,2.5,Farah Khan,Akshay Kumar,Katrina Kaif,Akshaye Khanna,Rajiv Laxman,Comedy,Crime            ,
Buddha Mar Gaya,2.5,Rahul Rawail,Mona Ambegaonkar,Jitender Bhargava,Birbal,Heenaa Biswas,Comedy            ,,
Tell Me O Kkhuda,2.5,Hema Malini,Dharmendra,Vinod Khanna,Rishi Kapoor,Farooq Shaikh,Action,Crime,Drama            
Student of the Year 2,2.4,Punit Malhotra,Tiger Shroff,Tara Sutaria,Ananya Panday,Aditya Seal,Drama,Romance,Sport            
Honour Killing,2.3,Avtar Bhogal,Zara Sheikh,Sandeep Singh,Javed Sheikh,Tom Alter,Drama,Romance            ,
Mastizaade,2.3,Milap Zaveri,Tusshar Kapoor,Vir Das,Sunny Leone,Asrani,Comedy            ,,
Ghost,2.2,Puja Bedi,Shiney Ahuja,Sayali Bhagat,Julia Bliss,Kristian Hedegaard-Petersen,Horror            ,,
Karzzzz,2.1,Satish Kaushik,Himesh Reshammiya,Urmila Matondkar,Shweta Kumar,Dino Morea,Action,Drama,Musical            
Hastey Hastey Follow Your Heart,2.0,Ramanjit Juneja,Tony,Jimmy Sheirgill,Rajpal Yadav,Shakti Kapoor,Comedy,Drama            ,
Jackpot,2.0,Kaizad Gustad,Naseeruddin Shah,Sunny Leone,Sachiin Joshi,Bharath Niwas,Comedy,Thriller            ,
Race 3,2.0,Remo D'Souza,Anil Kapoor,Salman Khan,Bobby Deol,Jacqueline Fernandez,Action,Thriller            ,
Welcome to New York,2.0,Chakri Toleti,Richard Harris,Jasmine Kaur,Sonakshi Sinha,Diljit Dosanjh,Comedy,Drama            ,
Drona,2.0,Goldie Behl,Jayshree Arora,Veer Arya,Abhishek Bachchan,Jaya Bhaduri,Action,Adventure,Fantasy            
Kyaa Kool Hain Hum 3,1.9,Umesh Ghadge,Tusshar Kapoor,Aftab Shivdasani,Krishna Abhishek,Mandana Karimi,Comedy            ,,
Himmatwala,1.7,Sajid Khan,Ajay Devgn,Tamannaah Bhatia,Mahesh Manjrekar,Paresh Rawal,Action,Comedy            ,
Namaste England,1.7,Vipul Amrutlal Shah,Hiten Patel,Parineeti Chopra,Arjun Kapoor,Shreya Mehta,Comedy,Drama,Romance            
Ram Gopal Varma Ki Aag,1.7,Ram Gopal Varma,Amitabh Bachchan,Mohanlal,Ajay Devgn,Vinod Jaywant,Action,Adventure,Comedy            
